--
-- PostgreSQL database dump
--

-- Dumped from database version 16.9 (Debian 16.9-1.pgdg120+1)
-- Dumped by pg_dump version 16.9 (Debian 16.9-1.pgdg120+1)

SET statement_timeout = 0;
SET lock_timeout = 0;
SET idle_in_transaction_session_timeout = 0;
SET client_encoding = 'UTF8';
SET standard_conforming_strings = on;
SELECT pg_catalog.set_config('search_path', '', false);
SET check_function_bodies = false;
SET xmloption = content;
SET client_min_messages = warning;
SET row_security = off;

--
-- Name: payment_method; Type: TYPE; Schema: public; Owner: ghostline_admin_prod
--

CREATE TYPE public.payment_method AS ENUM (
    'robokassa',
    'crypto',
    'tg_stars',
    'manual'
);


ALTER TYPE public.payment_method OWNER TO ghostline_admin_prod;

--
-- Name: payment_status; Type: TYPE; Schema: public; Owner: ghostline_admin_prod
--

CREATE TYPE public.payment_status AS ENUM (
    'pending',
    'paid',
    'failed',
    'expired',
    'canceled',
    'refunded'
);


ALTER TYPE public.payment_status OWNER TO ghostline_admin_prod;

--
-- Name: subscription_status; Type: TYPE; Schema: public; Owner: ghostline_admin_prod
--

CREATE TYPE public.subscription_status AS ENUM (
    'active',
    'expired',
    'canceled'
);


ALTER TYPE public.subscription_status OWNER TO ghostline_admin_prod;

--
-- Name: payments_id_seq; Type: SEQUENCE; Schema: public; Owner: ghostline_admin_prod
--

CREATE SEQUENCE public.payments_id_seq
    START WITH 1
    INCREMENT BY 1
    NO MINVALUE
    NO MAXVALUE
    CACHE 1;


ALTER SEQUENCE public.payments_id_seq OWNER TO ghostline_admin_prod;

SET default_tablespace = '';

SET default_table_access_method = heap;

--
-- Name: payments; Type: TABLE; Schema: public; Owner: ghostline_admin_prod
--

CREATE TABLE public.payments (
    id integer DEFAULT nextval('public.payments_id_seq'::regclass) NOT NULL,
    amount numeric(10,2) NOT NULL,
    currency character varying(10) NOT NULL,
    payment_method public.payment_method NOT NULL,
    transaction_id character varying(100) NOT NULL,
    status public.payment_status NOT NULL,
    created_at timestamp without time zone NOT NULL,
    user_id uuid NOT NULL,
    description character varying(300) DEFAULT ''::character varying NOT NULL,
    paid_at timestamp without time zone
);


ALTER TABLE public.payments OWNER TO ghostline_admin_prod;

--
-- Name: subscriptions_id_seq; Type: SEQUENCE; Schema: public; Owner: ghostline_admin_prod
--

CREATE SEQUENCE public.subscriptions_id_seq
    START WITH 1
    INCREMENT BY 1
    NO MINVALUE
    NO MAXVALUE
    CACHE 1;


ALTER SEQUENCE public.subscriptions_id_seq OWNER TO ghostline_admin_prod;

--
-- Name: subscriptions; Type: TABLE; Schema: public; Owner: ghostline_admin_prod
--

CREATE TABLE public.subscriptions (
    id integer DEFAULT nextval('public.subscriptions_id_seq'::regclass) NOT NULL,
    plan character varying(50) NOT NULL,
    start_date timestamp without time zone NOT NULL,
    end_date timestamp without time zone NOT NULL,
    status public.subscription_status NOT NULL,
    created_at timestamp without time zone DEFAULT now() NOT NULL,
    user_id uuid NOT NULL
);


ALTER TABLE public.subscriptions OWNER TO ghostline_admin_prod;

--
-- Name: telegram_profiles_id_seq; Type: SEQUENCE; Schema: public; Owner: ghostline_admin_prod
--

CREATE SEQUENCE public.telegram_profiles_id_seq
    START WITH 1
    INCREMENT BY 1
    NO MINVALUE
    NO MAXVALUE
    CACHE 1;


ALTER SEQUENCE public.telegram_profiles_id_seq OWNER TO ghostline_admin_prod;

--
-- Name: telegram_profiles; Type: TABLE; Schema: public; Owner: ghostline_admin_prod
--

CREATE TABLE public.telegram_profiles (
    id integer DEFAULT nextval('public.telegram_profiles_id_seq'::regclass) NOT NULL,
    telegram_id bigint NOT NULL,
    is_bot boolean NOT NULL,
    language_code character varying(10),
    created_at timestamp without time zone DEFAULT now() NOT NULL,
    user_id uuid NOT NULL
);


ALTER TABLE public.telegram_profiles OWNER TO ghostline_admin_prod;

--
-- Name: users; Type: TABLE; Schema: public; Owner: ghostline_admin_prod
--

CREATE TABLE public.users (
    id uuid NOT NULL,
    created_at timestamp without time zone DEFAULT now() NOT NULL
);


ALTER TABLE public.users OWNER TO ghostline_admin_prod;

--
-- Name: vpn_accounts_id_seq; Type: SEQUENCE; Schema: public; Owner: ghostline_admin_prod
--

CREATE SEQUENCE public.vpn_accounts_id_seq
    START WITH 1
    INCREMENT BY 1
    NO MINVALUE
    NO MAXVALUE
    CACHE 1;


ALTER SEQUENCE public.vpn_accounts_id_seq OWNER TO ghostline_admin_prod;

--
-- Name: vpn_accounts; Type: TABLE; Schema: public; Owner: ghostline_admin_prod
--

CREATE TABLE public.vpn_accounts (
    id integer DEFAULT nextval('public.vpn_accounts_id_seq'::regclass) NOT NULL,
    server character varying(100) NOT NULL,
    port integer NOT NULL,
    public_key character varying(100) NOT NULL,
    created_at timestamp without time zone DEFAULT now() NOT NULL,
    user_id uuid NOT NULL,
    flow character varying(50) NOT NULL,
    sni character varying(100) NOT NULL,
    devices_limit integer NOT NULL,
    is_blocked boolean NOT NULL
);


ALTER TABLE public.vpn_accounts OWNER TO ghostline_admin_prod;

--
-- Data for Name: payments; Type: TABLE DATA; Schema: public; Owner: ghostline_admin_prod
--

COPY public.payments (id, amount, currency, payment_method, transaction_id, status, created_at, user_id, description, paid_at) FROM stdin;
16	190.00	RUB	robokassa	1745938448	paid	2025-04-29 17:54:08.874	489c989e-02fc-4705-9713-e7b82dd19419	Подписка на 1 месяц	2025-04-29 17:56:01.39
17	190.00	RUB	robokassa	1745940461	pending	2025-04-29 18:27:41.714	489c989e-02fc-4705-9713-e7b82dd19419	Подписка на 1 месяц	\N
18	190.00	RUB	robokassa	1745942124	pending	2025-04-29 18:55:24.756	489c989e-02fc-4705-9713-e7b82dd19419	Подписка на 1 месяц	\N
19	190.00	RUB	robokassa	1745956859	pending	2025-04-29 23:00:59.283	489c989e-02fc-4705-9713-e7b82dd19419	Подписка на 1 месяц	\N
20	190.00	RUB	robokassa	1745961632	paid	2025-04-30 00:20:32.32	9814ca58-d712-40de-8215-725a643e4739	Подписка на 1 месяц	2025-04-30 00:22:26.281
21	190.00	RUB	robokassa	1745992593	pending	2025-04-30 08:56:33.708	489c989e-02fc-4705-9713-e7b82dd19419	Подписка на 1 месяц	\N
22	190.00	RUB	robokassa	1746008532	pending	2025-04-30 13:22:12.182	b5407c5a-1b2e-4efc-bd6e-79b4928f4127	Подписка на 1 месяц	\N
23	190.00	RUB	robokassa	1746011770	pending	2025-04-30 14:16:10.639	489c989e-02fc-4705-9713-e7b82dd19419	Подписка на 1 месяц	\N
24	190.00	RUB	robokassa	1746125737	pending	2025-05-01 21:55:37.037	9967c709-c2d9-4947-813f-f993cc0cd35f	Подписка на 1 месяц	\N
25	190.00	RUB	robokassa	1746133921	pending	2025-05-02 00:12:01.795	489c989e-02fc-4705-9713-e7b82dd19419	Подписка на 1 месяц	\N
26	190.00	RUB	robokassa	1746141645	pending	2025-05-02 02:20:45.17	489c989e-02fc-4705-9713-e7b82dd19419	Подписка на 1 месяц	\N
27	190.00	RUB	robokassa	1746257268	pending	2025-05-03 10:27:48.397	9967c709-c2d9-4947-813f-f993cc0cd35f	Подписка на 1 месяц	\N
28	190.00	RUB	robokassa	1746280634	pending	2025-05-03 16:57:14.349	9967c709-c2d9-4947-813f-f993cc0cd35f	Подписка на 1 месяц	\N
29	190.00	RUB	robokassa	1746280646	pending	2025-05-03 16:57:26.497	9967c709-c2d9-4947-813f-f993cc0cd35f	Подписка на 1 месяц	\N
30	190.00	RUB	robokassa	1746280963	pending	2025-05-03 17:02:43.555	9967c709-c2d9-4947-813f-f993cc0cd35f	Подписка на 1 месяц	\N
31	190.00	RUB	robokassa	1746281519	pending	2025-05-03 17:11:59.557	9967c709-c2d9-4947-813f-f993cc0cd35f	Подписка на 1 месяц	\N
32	190.00	RUB	robokassa	1746282095	pending	2025-05-03 17:21:35.691	9967c709-c2d9-4947-813f-f993cc0cd35f	Подписка на 1 месяц	\N
33	190.00	RUB	robokassa	1746282542	pending	2025-05-03 17:29:02.46	9967c709-c2d9-4947-813f-f993cc0cd35f	Подписка на 1 месяц	\N
34	190.00	RUB	robokassa	1746282737	pending	2025-05-03 17:32:17.903	9967c709-c2d9-4947-813f-f993cc0cd35f	Подписка на 1 месяц	\N
35	190.00	RUB	robokassa	1746291500	pending	2025-05-03 19:58:20.567	9967c709-c2d9-4947-813f-f993cc0cd35f	Подписка на 1 месяц	\N
36	190.00	RUB	robokassa	1746297551	pending	2025-05-03 21:39:11.515	9967c709-c2d9-4947-813f-f993cc0cd35f	Подписка на 1 месяц	\N
37	190.00	RUB	robokassa	1746299332	pending	2025-05-03 22:08:52.893	9967c709-c2d9-4947-813f-f993cc0cd35f	Подписка на 1 месяц	\N
38	190.00	RUB	robokassa	1746300028	pending	2025-05-03 22:20:28.984	9967c709-c2d9-4947-813f-f993cc0cd35f	Подписка на 1 месяц	\N
39	190.00	RUB	robokassa	1746331487	pending	2025-05-04 07:04:47.296	9e535b91-d68f-4ffb-a3b1-ff288c2c1785	Подписка на 1 месяц	\N
40	190.00	RUB	robokassa	1746331554	pending	2025-05-04 07:05:54.597	9e535b91-d68f-4ffb-a3b1-ff288c2c1785	Подписка на 1 месяц	\N
41	190.00	RUB	robokassa	1746331687	pending	2025-05-04 07:08:07.638	9e535b91-d68f-4ffb-a3b1-ff288c2c1785	Подписка на 1 месяц	\N
42	190.00	RUB	robokassa	1746344515	paid	2025-05-04 10:41:55.758	9967c709-c2d9-4947-813f-f993cc0cd35f	Подписка на 1 месяц	2025-05-04 10:42:56.607
43	190.00	RUB	robokassa	1746345988	pending	2025-05-04 11:06:28.416	489c989e-02fc-4705-9713-e7b82dd19419	Подписка на 1 месяц	\N
44	190.00	RUB	robokassa	1746353183	pending	2025-05-04 13:06:23.204	489c989e-02fc-4705-9713-e7b82dd19419	Подписка на 1 месяц	\N
45	190.00	RUB	robokassa	1746353205	pending	2025-05-04 13:06:45.239	489c989e-02fc-4705-9713-e7b82dd19419	Подписка на 1 месяц	\N
46	190.00	RUB	robokassa	1746383818	paid	2025-05-04 21:36:58.966	489c989e-02fc-4705-9713-e7b82dd19419	Подписка на 1 месяц	2025-05-04 21:39:33.125
47	190.00	RUB	robokassa	1746780870	pending	2025-05-09 11:54:30.237	387894c7-6104-4ea3-9472-bd8fd4a7870b	Подписка на 1 месяц	\N
48	190.00	RUB	robokassa	1747157718	pending	2025-05-13 20:35:18.256	9aa14d90-48e7-4c69-9159-bb95ea0dde20	Подписка на 1 месяц	\N
50	190.00	RUB	robokassa	1747159109	pending	2025-05-13 20:58:29.457	9aa14d90-48e7-4c69-9159-bb95ea0dde20	Подписка на 1 месяц	\N
49	190.00	RUB	robokassa	1747158691	paid	2025-05-13 20:51:31.381	9aa14d90-48e7-4c69-9159-bb95ea0dde20	Подписка на 1 месяц	2025-05-13 20:52:31.381
51	190.00	RUB	robokassa	1747210093	pending	2025-05-14 11:08:13.732	9967c709-c2d9-4947-813f-f993cc0cd35f	Подписка на 1 месяц	\N
52	190.00	RUB	robokassa	1747253553	pending	2025-05-14 23:12:33.805	418ce12e-340d-499c-bb2f-3906e8dcb612	Подписка на 1 месяц	\N
53	190.00	RUB	robokassa	1747488895	pending	2025-05-17 13:34:55.361	9967c709-c2d9-4947-813f-f993cc0cd35f	Подписка на 1 месяц	\N
54	190.00	RUB	robokassa	1747497649	pending	2025-05-17 16:00:49.465	9967c709-c2d9-4947-813f-f993cc0cd35f	Подписка на 1 месяц	\N
\.


--
-- Data for Name: subscriptions; Type: TABLE DATA; Schema: public; Owner: ghostline_admin_prod
--

COPY public.subscriptions (id, plan, start_date, end_date, status, created_at, user_id) FROM stdin;
24	trial	2025-05-03 21:43:41.436	2025-05-10 21:43:41.436	expired	2025-05-03 21:43:41.439724	b9d61914-3b25-4e93-adee-cbd7d8d95820
25	trial	2025-05-04 00:26:37.161	2025-05-11 00:26:37.161	expired	2025-05-04 00:26:37.164275	b217bdc3-c74e-44c2-8287-b26adcb65378
27	trial	2025-05-04 17:43:12.201	2025-05-11 17:43:12.201	expired	2025-05-04 17:43:12.202183	5c8a3228-33e8-4f23-811a-d8534ed31593
29	trial	2025-05-05 19:46:29.576	2025-05-12 19:46:29.576	expired	2025-05-05 19:46:29.578123	23bbfe97-4b65-4f48-859c-bcdfa5fc845c
5	1_month	2025-04-30 00:22:43.795	2025-05-30 00:22:43.795	active	2025-04-30 00:22:43.798635	9814ca58-d712-40de-8215-725a643e4739
30	trial	2025-05-06 00:32:55.041	2025-05-13 00:32:55.041	expired	2025-05-06 00:32:55.042577	10c49225-329d-4e6b-88ff-951a850be17a
35	trial	2025-05-14 11:02:10.002	2025-05-21 11:02:10.002	active	2025-05-14 11:02:10.007372	90aaee83-86ff-4165-82c0-f84038c719c1
36	trial	2025-05-14 11:02:22.639	2025-05-21 11:02:22.639	active	2025-05-14 11:02:22.64043	3b8e6888-fe64-4104-b822-8461f9b2acda
37	trial	2025-05-14 11:03:36.795	2025-05-21 11:03:36.795	active	2025-05-14 11:03:36.796074	b2a91f46-bdc3-4569-8380-c6b914bae03d
71	trial	2025-05-15 10:46:05.928	2025-05-22 10:46:05.928	active	2025-05-15 10:46:05.929592	fd11cc1c-dd20-41ff-8545-97483251d8f4
72	trial	2025-05-15 10:51:08.454	2025-05-22 10:51:08.454	active	2025-05-15 10:51:08.455645	1b88886f-de26-46c3-9911-7ab6fe9e1c7c
38	trial	2025-05-14 11:07:14.646	2025-05-21 11:07:14.646	active	2025-05-14 11:07:14.647694	532ab557-f8ae-4354-a409-5e1a8f24d18f
39	trial	2025-05-14 11:07:51.009	2025-05-21 11:07:51.009	active	2025-05-14 11:07:51.009748	88691ec9-2a7f-4635-9bc5-332f741afa81
18	trial	2025-05-01 21:30:32.579	2015-05-29 17:56:29.926	expired	2025-05-01 21:30:32.580582	9967c709-c2d9-4947-813f-f993cc0cd35f
26	1_month	2025-05-04 10:43:04.435	2015-05-29 17:56:29.926	expired	2025-05-04 10:43:04.437961	9967c709-c2d9-4947-813f-f993cc0cd35f
40	trial	2025-05-14 11:09:19.193	2025-05-21 11:09:19.193	active	2025-05-14 11:09:19.194215	24f61b96-42b2-4b24-9e4c-6cb6dd173b71
41	trial	2025-05-14 11:11:27.464	2025-05-21 11:11:27.464	active	2025-05-14 11:11:27.464807	925e01a4-f965-45da-b670-8c80608f91ec
42	trial	2025-05-14 11:30:30.694	2025-05-21 11:30:30.694	active	2025-05-14 11:30:30.695438	bbd872d1-cc8e-494e-bcab-a4a7cc1c15cf
43	trial	2025-05-14 11:31:31.949	2025-05-21 11:31:31.949	active	2025-05-14 11:31:31.950038	196bb2cb-b633-4400-9865-f192a2d92350
44	trial	2025-05-14 11:32:30.86	2025-05-21 11:32:30.86	active	2025-05-14 11:32:30.8607	b3ae4687-e63e-457e-b0ca-1e6f310fd314
45	trial	2025-05-14 11:44:19.17	2025-05-21 11:44:19.17	active	2025-05-14 11:44:19.170905	02024774-346a-4a69-91ac-6981075f562b
46	trial	2025-05-14 11:44:51.749	2025-05-21 11:44:51.749	active	2025-05-14 11:44:51.749415	f52f1221-e288-41b6-b4b2-0b98323cabdf
47	trial	2025-05-14 11:45:34.581	2025-05-21 11:45:34.581	active	2025-05-14 11:45:34.582172	731650a0-2256-4ef2-84ab-02b9b312880b
48	trial	2025-05-14 11:49:37.003	2025-05-21 11:49:37.003	active	2025-05-14 11:49:37.004414	ddc1c3d1-c968-4e4a-ad23-23e8865cd5c5
49	trial	2025-05-14 11:50:07.749	2025-05-21 11:50:07.749	active	2025-05-14 11:50:07.749596	dbe55e56-ca39-48bc-a8a2-9e038312bb7a
50	trial	2025-05-14 11:55:04.637	2025-05-21 11:55:04.637	active	2025-05-14 11:55:04.638295	7f76c967-7913-4e10-97b3-3ace0974a7ad
51	trial	2025-05-14 12:01:24.643	2025-05-21 12:01:24.643	active	2025-05-14 12:01:24.643846	3a95da48-57ef-443b-8bc4-a6cc702da814
52	trial	2025-05-14 12:02:01.508	2025-05-21 12:02:01.508	active	2025-05-14 12:02:01.509235	95c7d78c-6e49-4a19-993a-c527d5b65020
3	1_month	2025-04-29 17:56:29.926	2015-07-29 17:56:29.926	expired	2025-04-29 17:56:29.931	489c989e-02fc-4705-9713-e7b82dd19419
4	trial	2025-04-29 17:58:26.256	2015-07-29 17:56:29.926	expired	2025-04-29 17:58:26.257446	489c989e-02fc-4705-9713-e7b82dd19419
28	1_month	2025-05-04 21:39:39.83	2025-06-04 21:39:39.83	active	2025-05-04 21:39:39.832185	489c989e-02fc-4705-9713-e7b82dd19419
6	trial	2025-04-30 15:08:56.131	2025-05-07 15:08:56.131	expired	2025-04-30 15:08:56.132963	46d6c9c5-c9b2-4826-b9a3-ffeca6fc56b7
7	trial	2025-04-30 15:14:55.339	2025-05-07 15:14:55.339	expired	2025-04-30 15:14:55.34114	2cb535b0-1252-4abe-93c5-fae6adb0e1a8
8	trial	2025-04-30 18:05:26.31	2025-05-07 18:05:26.31	expired	2025-04-30 18:05:26.31131	b42f11df-0cca-4908-9ba7-8ed8e61cd308
9	trial	2025-04-30 18:26:37.888	2025-05-07 18:26:37.888	expired	2025-04-30 18:26:37.889668	ea67920b-3840-444b-b10f-4de9fc0f4191
10	trial	2025-04-30 18:35:23.94	2025-05-07 18:35:23.94	expired	2025-04-30 18:35:23.941784	392f428f-1e8b-4f71-9d8d-4f08daf7a8ca
11	trial	2025-04-30 18:46:00.282	2025-05-07 18:46:00.282	expired	2025-04-30 18:46:00.284388	eef4e045-64ca-47dd-88a5-37a29de07efe
12	trial	2025-04-30 18:58:39.409	2025-05-07 18:58:39.409	expired	2025-04-30 18:58:39.411242	c7b17b82-bc30-4bd0-ba16-d45a0ced0085
13	trial	2025-04-30 19:02:31.183	2025-05-07 19:02:31.183	expired	2025-04-30 19:02:31.18452	ad8f208f-dbb0-4431-847c-7d5998864db1
14	trial	2025-04-30 20:16:04.004	2025-05-07 20:16:04.004	expired	2025-04-30 20:16:04.005848	645bdad0-db85-44d5-a86d-a89d19765f66
15	trial	2025-05-01 08:12:28.185	2025-05-08 08:12:28.185	expired	2025-05-01 08:12:28.186582	fd4f2829-2cac-4483-ab68-38df4fac1490
16	trial	2025-05-01 11:13:58.413	2025-05-08 11:13:58.413	expired	2025-05-01 11:13:58.415014	724ac480-d297-4c22-a1c9-45c9702d66f3
17	trial	2025-05-01 18:50:14.008	2025-05-08 18:50:14.008	expired	2025-05-01 18:50:14.009507	9aa14d90-48e7-4c69-9159-bb95ea0dde20
19	trial	2025-05-02 10:25:09.067	2025-05-09 10:25:09.067	expired	2025-05-02 10:25:09.069828	167738f9-911c-4740-8e44-0d1fb10c6c9c
20	trial	2025-05-02 17:43:42.058	2025-05-09 17:43:42.058	expired	2025-05-02 17:43:42.063371	a8bc9fc5-bb70-46c0-8098-54a25b1b4b6c
21	trial	2025-05-02 19:08:30.484	2025-05-09 19:08:30.484	expired	2025-05-02 19:08:30.485663	b24828b8-b5b7-4aec-b911-1744c626f8a5
22	trial	2025-05-02 19:22:48.106	2025-05-09 19:22:48.106	expired	2025-05-02 19:22:48.108022	df927b81-beae-4f9f-8af4-56785909bd8c
23	trial	2025-05-02 19:55:18.402	2025-05-09 19:55:18.402	expired	2025-05-02 19:55:18.403766	f2e76ded-a56d-4ebd-a16f-827b9f39cd46
53	trial	2025-05-14 12:04:19.429	2025-05-21 12:04:19.429	active	2025-05-14 12:04:19.429566	2cb5f797-ccba-4d2d-9362-11f43e39fd93
54	trial	2025-05-14 12:15:29.939	2025-05-21 12:15:29.939	active	2025-05-14 12:15:29.940698	a66e0d4e-bfaf-4b81-acbb-b10ba8584ba3
55	trial	2025-05-14 12:18:13.254	2025-05-21 12:18:13.254	active	2025-05-14 12:18:13.255029	a3663248-6b4c-4247-b5c4-3de648fa8279
56	trial	2025-05-14 12:27:17.188	2025-05-21 12:27:17.188	active	2025-05-14 12:27:17.189668	b6925826-9297-43b0-a7b7-46b0d9188f9f
57	trial	2025-05-14 12:37:44.059	2025-05-21 12:37:44.059	active	2025-05-14 12:37:44.060781	77c16d10-b773-49ca-b8cc-784881f7499d
58	trial	2025-05-14 13:00:38.67	2025-05-21 13:00:38.67	active	2025-05-14 13:00:38.671536	9d9ab963-3e96-4912-a1ce-b8209d08e953
59	trial	2025-05-14 13:09:59.669	2025-05-21 13:09:59.669	active	2025-05-14 13:09:59.670442	39917653-0aa1-45cf-877b-b3e6749eda93
60	trial	2025-05-14 13:23:10.418	2025-05-21 13:23:10.418	active	2025-05-14 13:23:10.418854	800beaf8-e45d-46c4-a330-26e5ebd8d604
61	trial	2025-05-14 14:00:24.573	2025-05-21 14:00:24.573	active	2025-05-14 14:00:24.574305	900e1a5f-efa7-4823-9724-964e5e85a07f
62	trial	2025-05-14 14:39:20.067	2025-05-21 14:39:20.067	active	2025-05-14 14:39:20.067996	98780d95-574d-493c-b346-28d3dcfcf8eb
63	trial	2025-05-14 14:56:43.551	2025-05-21 14:56:43.551	active	2025-05-14 14:56:43.552627	3b02d807-f174-40b1-a0d5-b94eab56178d
64	trial	2025-05-14 15:49:35.547	2025-05-21 15:49:35.547	active	2025-05-14 15:49:35.548629	21b85826-ad69-447b-9c38-c91b0ae45ced
65	trial	2025-05-14 15:58:26.237	2025-05-21 15:58:26.237	active	2025-05-14 15:58:26.238562	0eba2c24-698e-4a35-a979-e694ab7197f0
66	trial	2025-05-14 16:17:33.223	2025-05-21 16:17:33.223	active	2025-05-14 16:17:33.22418	52efccf3-9881-4cb0-b78f-54f44e937c5c
67	trial	2025-05-14 17:45:15.53	2025-05-21 17:45:15.53	active	2025-05-14 17:45:15.531266	39bc5023-0e46-461e-9702-c240bfa69290
68	trial	2025-05-14 21:39:21.627	2025-05-21 21:39:21.627	active	2025-05-14 21:39:21.628866	166ab8d9-39d2-41a4-b9c1-f5e3a6a30555
31	trial	2025-05-07 22:52:28.559	2025-05-14 22:52:28.559	expired	2025-05-07 22:52:28.560494	1fc43ef8-dc21-4743-93d2-ed3ce8db1c67
69	trial	2025-05-14 23:12:40.293	2025-05-21 23:12:40.293	active	2025-05-14 23:12:40.293809	418ce12e-340d-499c-bb2f-3906e8dcb612
70	trial	2025-05-15 07:36:55.464	2025-05-22 07:36:55.464	active	2025-05-15 07:36:55.465421	370d45d2-fa24-4b13-b04d-c9c39b1e03a3
32	trial	2025-05-09 10:06:46.509	2025-05-16 10:06:46.509	expired	2025-05-09 10:06:46.510897	f39ad4ff-8df5-4acf-b83b-601f4783e275
33	trial	2025-05-09 19:14:51.623	2025-05-16 19:14:51.623	expired	2025-05-09 19:14:51.624812	f2ef921b-cdea-4a66-95d7-024f063c0763
73	trial	2025-05-17 13:54:26.495	2025-05-24 13:54:26.495	active	2025-05-17 13:54:26.498011	3d5a14a1-b765-4cba-a071-e4d805e79398
34	trial	2025-05-11 02:04:25.524	2025-05-18 02:04:25.524	expired	2025-05-11 02:04:25.525211	494cb179-c177-4f9e-8645-91b5120b0fc8
\.


--
-- Data for Name: telegram_profiles; Type: TABLE DATA; Schema: public; Owner: ghostline_admin_prod
--

COPY public.telegram_profiles (id, telegram_id, is_bot, language_code, created_at, user_id) FROM stdin;
3	301316495	f	ru	2025-04-29 17:54:06.242717	489c989e-02fc-4705-9713-e7b82dd19419
4	858430636	f	ru	2025-04-30 00:19:16.542226	9814ca58-d712-40de-8215-725a643e4739
5	7269920685	f	ru	2025-04-30 13:21:36.898682	b5407c5a-1b2e-4efc-bd6e-79b4928f4127
6	1644742238	f	ru	2025-04-30 15:02:25.357329	8ae58429-df84-488c-9f27-8e9f24f2ace5
7	880869759	f	ru	2025-04-30 15:08:49.518108	46d6c9c5-c9b2-4826-b9a3-ffeca6fc56b7
8	8115882972	f	ru	2025-04-30 15:14:49.018199	2cb535b0-1252-4abe-93c5-fae6adb0e1a8
9	868859808	f	ru	2025-04-30 16:13:46.926804	4cc854b5-0b9b-4ce8-9d4d-92329d563ef1
10	6510169618	f	ru	2025-04-30 18:04:27.829413	9e0f5856-b492-4cbb-9810-b29e26e5ff8c
11	6419197513	f	ru	2025-04-30 18:05:02.438605	083e4dda-6727-4b38-bb03-663fc849bf7a
12	6056119112	f	ru	2025-04-30 18:05:11.745877	b42f11df-0cca-4908-9ba7-8ed8e61cd308
13	5078357458	f	ru	2025-04-30 18:05:58.635449	966a2ae8-b4c9-46c4-afc9-ce41bb20fe96
14	7334546829	f	ru	2025-04-30 18:07:02.297684	f55c2ef9-beee-4272-9fce-0d8e7a18c937
15	5625683982	f	ru	2025-04-30 18:07:12.339165	0dd7cac1-53b0-4b6f-b8d9-70dec5821838
16	5720356860	f	ru	2025-04-30 18:08:00.733161	012c0a91-24ba-4ab4-bf1d-b3ee1b9e6c8d
17	6226230539	f	ru	2025-04-30 18:09:08.881124	0ebabeb1-a324-44e7-9879-e5783f0aab45
18	352332869	f	ru	2025-04-30 18:10:18.219273	86c90430-a55c-4825-b8fc-d9971748bc60
19	2136114451	f	ru	2025-04-30 18:10:26.580977	e8ba025f-9369-4b75-b7d8-62f38d2ced59
20	6473112709	f	ru	2025-04-30 18:12:16.731727	ac1ef3eb-102e-4673-931e-ea1d96fbdb81
21	437315634	f	ru	2025-04-30 18:13:24.703011	66da4458-64ba-48e3-8f02-123593bae9d9
22	931159068	f	ru	2025-04-30 18:24:53.90372	b9d61914-3b25-4e93-adee-cbd7d8d95820
23	1501366907	f	ru	2025-04-30 18:26:20.442126	ea67920b-3840-444b-b10f-4de9fc0f4191
24	450020822	f	ru	2025-04-30 18:28:48.552086	2637bc23-6070-4a89-bc33-60004a61f891
25	5829504469	f	ru	2025-04-30 18:29:39.170946	4dcc32c9-790d-4688-9174-1a5e912a5714
26	5811002963	f	ru	2025-04-30 18:31:01.174958	a6d5397f-bfbf-456b-898d-1b802548954d
27	7651527851	f	ru	2025-04-30 18:35:18.423466	392f428f-1e8b-4f71-9d8d-4f08daf7a8ca
28	1218596019	f	ru	2025-04-30 18:45:51.647338	eef4e045-64ca-47dd-88a5-37a29de07efe
29	5214887442	f	ru	2025-04-30 18:58:15.373225	c7b17b82-bc30-4bd0-ba16-d45a0ced0085
30	5588938327	f	ru	2025-04-30 19:02:16.020346	ad8f208f-dbb0-4431-847c-7d5998864db1
31	1078586231	f	ru	2025-04-30 19:06:27.403396	ddeb9d07-8407-4f54-8da6-fc22f2920222
32	678006431	f	ru	2025-04-30 19:08:05.364309	408b83a0-31ed-4485-be33-b82f9a04c1de
33	1224659232	f	ru	2025-04-30 19:11:02.358718	d01d4149-c8d1-440d-afaf-f8a845e958be
34	1140150937	f	ru	2025-04-30 19:15:48.512006	110a25e3-5b0a-4dc3-963f-8cf0ea38bdf6
35	1076724796	f	ru	2025-04-30 19:16:29.96533	068564ff-c4d2-4c72-97e2-7b61d9047d31
36	117829875	f	ru	2025-04-30 19:37:09.496927	1e8493c3-4924-4203-9463-47b7d752e0b6
37	1223314138	f	ru	2025-04-30 20:15:20.121363	645bdad0-db85-44d5-a86d-a89d19765f66
38	1088233335	f	en	2025-04-30 22:13:43.825335	ebfafb0b-7411-4b26-b95b-a8801ff16eca
39	7338371675	f	en	2025-04-30 23:16:31.070137	10542a3c-772a-44cf-be02-24c643b0d993
40	5617360637	f	ru	2025-05-01 01:31:05.908669	e87a3c26-505b-4020-ba60-5d5a3b4a3909
41	1025037957	f	ru	2025-05-01 04:10:01.848556	18a84746-3978-4c4b-99cf-5425fc8d760e
42	5079024198	f	ru	2025-05-01 07:20:40.70045	751372f4-50bb-49db-b522-3216b9e8bccf
43	522289204	f	ru	2025-05-01 08:12:20.83869	fd4f2829-2cac-4483-ab68-38df4fac1490
44	6580909255	f	ru	2025-05-01 10:00:26.543652	b25eb612-018e-44b7-a9fc-bb8e0046f43d
45	6308366613	f	ru	2025-05-01 11:13:28.813616	724ac480-d297-4c22-a1c9-45c9702d66f3
46	5685381578	f	ru	2025-05-01 12:20:16.986212	041b890b-bbce-4492-bc38-d4aab77bf0cf
47	1388732188	f	ru	2025-05-01 13:32:28.74076	e8aca920-c8fa-4b63-ae82-49e49e000722
48	929474269	f	ru	2025-05-01 18:10:10.69999	9e535b91-d68f-4ffb-a3b1-ff288c2c1785
49	115147480	f	ru	2025-05-01 18:47:43.718384	9aa14d90-48e7-4c69-9159-bb95ea0dde20
50	661450778	f	ru	2025-05-01 20:00:11.440189	9f75b19b-3008-45d0-8c7b-70770703fdb2
51	567663817	f	ru	2025-05-01 20:46:35.085614	b88c4206-c9df-430e-bb68-76054c24127c
52	5783023904	f	ru	2025-05-01 21:30:27.103678	9967c709-c2d9-4947-813f-f993cc0cd35f
53	633806499	f	ru	2025-05-02 06:35:08.610116	cc1baa24-460d-4d2b-a11d-f9d7c2566b71
54	472844504	f	ru	2025-05-02 10:23:51.9282	167738f9-911c-4740-8e44-0d1fb10c6c9c
55	5209536064	f	ru	2025-05-02 10:25:21.488597	e9176f51-91e3-4e90-b126-330dad605eb7
56	6389047117	f	ru	2025-05-02 17:43:29.333512	a8bc9fc5-bb70-46c0-8098-54a25b1b4b6c
57	512466123	f	ru	2025-05-02 19:07:09.404422	b24828b8-b5b7-4aec-b911-1744c626f8a5
58	1406248325	f	ru	2025-05-02 19:21:54.583826	df927b81-beae-4f9f-8af4-56785909bd8c
59	1104990815	f	ru	2025-05-02 19:51:22.134407	f2e76ded-a56d-4ebd-a16f-827b9f39cd46
60	5185909486	f	en	2025-05-04 00:26:32.818593	b217bdc3-c74e-44c2-8287-b26adcb65378
61	5244847660	f	ru	2025-05-04 10:04:07.953695	ba246323-c80a-477a-a750-f1667ed68577
62	6799445205	f	ru	2025-05-04 13:54:22.146214	852cd397-2ce8-42eb-a139-90d1f6f1db3c
63	1165171184	f	ru	2025-05-04 17:42:37.316026	5c8a3228-33e8-4f23-811a-d8534ed31593
64	7072834203	f	ru	2025-05-04 18:11:39.199631	62afabbc-fd72-4afc-82cc-760c9d16bbc4
65	1195049084	f	ru	2025-05-05 07:52:45.1944	a9b5d155-3398-4f8d-92db-ab5525288cfd
66	5198625986	f	ru	2025-05-05 13:20:19.715548	8d98cc56-9cb4-4c7a-828b-a8a78059c5e9
67	5273183508	f	en	2025-05-05 19:46:15.780034	23bbfe97-4b65-4f48-859c-bcdfa5fc845c
68	742193647	f	ru	2025-05-06 00:32:20.265512	10c49225-329d-4e6b-88ff-951a850be17a
69	5625144478	f	ru	2025-05-06 10:31:27.211271	6405bcdd-2451-460f-bd75-e0720c9c88a3
70	503423104	f	ru	2025-05-06 11:07:34.39846	1708f655-166d-4628-a55e-0e0b46a96ba0
71	5716231695	f	ru	2025-05-06 15:20:26.198137	1c6e174e-4490-4a6d-bbca-3e76d522eb97
72	1210691348	f	ru	2025-05-07 22:52:21.654354	1fc43ef8-dc21-4743-93d2-ed3ce8db1c67
73	1841251483	f	ru	2025-05-08 19:34:21.853641	49775db7-7d3a-46a9-a102-9547de41ab25
74	7221153142	f	ru	2025-05-08 22:13:43.742059	ca9ddc6c-cfc0-4578-bc22-32a5d020484d
75	870517388	f	en	2025-05-08 23:12:09.246661	09e8b5c1-9d00-4335-995d-86ebd80aabbf
76	5082727140	f	ru	2025-05-09 10:06:42.53327	f39ad4ff-8df5-4acf-b83b-601f4783e275
77	5960638141	f	ru	2025-05-09 10:10:19.206574	703ad9cd-9a47-4a36-b7a5-9dd1c8938513
78	597168353	f	ru	2025-05-09 10:40:27.519091	39d1ba8c-6243-41f7-9bea-10917c1afaf2
79	845856353	f	ru	2025-05-09 11:54:17.583531	387894c7-6104-4ea3-9472-bd8fd4a7870b
80	847787614	f	ru	2025-05-09 14:01:27.020846	910e504b-da99-44c6-9a40-ab54d47f53a3
81	6183517428	f	ru	2025-05-09 19:14:46.979138	f2ef921b-cdea-4a66-95d7-024f063c0763
82	884541972	f	ru	2025-05-10 15:23:15.564948	494cb179-c177-4f9e-8645-91b5120b0fc8
83	437912303	f	ru	2025-05-11 13:37:00.408535	3912c5f6-91be-4f77-8482-377e87819260
84	7423822192	f	ru	2025-05-13 09:48:52.315891	c54442f0-da0e-4010-800e-3564e4b94a31
85	7548965795	f	ru	2025-05-13 10:08:55.127581	348db5cb-09c2-4a54-ad79-160f56c357d4
86	5196825922	f	ru	2025-05-13 16:16:50.246387	fb0f46e9-a597-4b3c-892f-341234089a1f
87	5402898659	f	ru	2025-05-13 16:33:20.650314	18112daa-a76e-4f75-9c6b-837aa4a33e1c
88	6228527660	f	ru	2025-05-14 11:01:58.809691	90aaee83-86ff-4165-82c0-f84038c719c1
89	7517032757	f	ru	2025-05-14 11:02:07.461545	3b8e6888-fe64-4104-b822-8461f9b2acda
90	5596911816	f	ru	2025-05-14 11:02:15.961998	6e282ddc-022c-494f-beae-78c5fb3fe7a1
91	8152800748	f	ru	2025-05-14 11:02:27.102424	f8365f72-e064-436e-8f1f-cfe47d9a74b5
92	5526059412	f	ru	2025-05-14 11:02:34.878209	c4af8f77-0109-41e9-9a8f-43672b5304e7
93	1582206867	f	ru	2025-05-14 11:02:49.440841	c2f79096-e98e-41ed-827e-b16c9ab51ef6
94	348239231	f	ru	2025-05-14 11:02:51.769077	a806219c-9f78-4661-add5-74857ecb94c1
95	431606320	f	ru	2025-05-14 11:02:55.586043	ba8c281f-3cef-41db-83d6-2df9bf7c21f5
96	1378736385	f	ru	2025-05-14 11:03:04.626809	b2a91f46-bdc3-4569-8380-c6b914bae03d
97	5091760470	f	ru	2025-05-14 11:03:17.751485	43c4ac6e-363a-49fc-88fd-29b4d0df1b09
98	8049466615	f	ru	2025-05-14 11:03:44.869604	e3f4c54f-f931-4faa-9f9b-a5f70eae9d07
99	6754041914	f	ru	2025-05-14 11:04:37.996645	039f5f85-9431-4e65-a6b1-b68ceedaad6a
100	5409428632	f	ru	2025-05-14 11:05:03.143275	2d8ac762-c527-42bd-bb2b-d765b1575b44
101	1138454332	f	ru	2025-05-14 11:05:25.127949	6e4c9499-7193-44dc-a0ef-e6356268d43c
102	1987931363	f	ru	2025-05-14 11:05:57.646392	c9f2e902-35cc-4a2e-b485-fe8256a5fd3e
103	7138907027	f	ru	2025-05-14 11:07:08.67421	532ab557-f8ae-4354-a409-5e1a8f24d18f
104	5285257752	f	ru	2025-05-14 11:07:46.369077	88691ec9-2a7f-4635-9bc5-332f741afa81
105	1204475364	f	ru	2025-05-14 11:08:12.888304	7ce244f9-80d0-41c2-8fa2-85ddb5444855
106	5231299452	f	ru	2025-05-14 11:09:08.833484	24f61b96-42b2-4b24-9e4c-6cb6dd173b71
107	7682089224	f	ru	2025-05-14 11:09:56.373202	7f9c0cb0-f4a3-4138-8182-30ae64bdefc6
108	889001134	f	ru	2025-05-14 11:10:04.68664	74d22a9c-bb2a-41c2-a6c1-36a4e049f9c6
109	5619537515	f	uk	2025-05-14 11:10:15.091407	69182b0b-1c2a-4417-a227-d034db83f3b2
110	6494843343	f	ru	2025-05-14 11:11:16.339597	925e01a4-f965-45da-b670-8c80608f91ec
111	1731259997	f	ru	2025-05-14 11:11:55.175636	98feec6a-6da1-4e7a-81b4-2a384d961e29
112	8194289359	f	ru	2025-05-14 11:12:55.214663	b5ff189d-0bab-4032-b27c-ac8279d1fa33
113	1806034409	f	ru	2025-05-14 11:13:31.048917	677062a8-3df4-4ca4-8313-bb3cd3b40dd0
114	5285823051	f	ru	2025-05-14 11:14:32.658204	6db0d78a-1dde-4840-98c3-b26ff953867e
115	5866975311	f	ru	2025-05-14 11:16:56.211466	236253fa-d841-4364-95ce-80128a71d21f
116	5169976762	f	ru	2025-05-14 11:20:01.604341	0cb4f04c-a868-471c-bc03-4c739cb17424
117	5703475659	f	ru	2025-05-14 11:21:01.066361	14402676-ac98-4e09-9344-63d45112ab3d
118	1346619731	f	ru	2025-05-14 11:26:29.314764	b3f954b8-5548-44e7-8cf7-870168f8191c
119	1311323594	f	ru	2025-05-14 11:28:21.413499	d5525acf-2b26-48d7-9eb8-a217315ae729
120	5171737910	f	ru	2025-05-14 11:30:07.52531	bbd872d1-cc8e-494e-bcab-a4a7cc1c15cf
121	7931250645	f	ru	2025-05-14 11:31:16.613693	196bb2cb-b633-4400-9865-f192a2d92350
122	5611996742	f	ru	2025-05-14 11:31:43.339688	1b66814e-64c9-41a8-87d5-96f4bfd21c59
123	7056599276	f	ru	2025-05-14 11:32:25.597142	b3ae4687-e63e-457e-b0ca-1e6f310fd314
124	1426711928	f	ru	2025-05-14 11:33:06.02392	d1422351-ba14-4e4b-83b5-3eaf804770fa
125	5421378951	f	ru	2025-05-14 11:35:08.202722	5a2bc52c-75e0-4301-8008-c59340a847f2
126	7597817428	f	ru	2025-05-14 11:35:49.4094	489f472c-6522-42ae-a4fd-a3033ad658d0
127	320412653	f	ru	2025-05-14 11:36:47.815496	a2a591f7-449e-4a9e-8590-d5bf5a7d8fc0
128	1060457701	f	ru	2025-05-14 11:37:07.771752	3e4c7f0d-15f8-41a1-96d1-0ac6ec43085a
129	5311548010	f	ru	2025-05-14 11:40:46.277477	e2297df3-b385-4b53-b51e-e2685dbabb3f
130	5914590579	f	ru	2025-05-14 11:44:03.624919	02024774-346a-4a69-91ac-6981075f562b
131	1621305551	f	ru	2025-05-14 11:44:15.894559	731650a0-2256-4ef2-84ab-02b9b312880b
132	7700174098	f	ru	2025-05-14 11:44:44.340966	f52f1221-e288-41b6-b4b2-0b98323cabdf
133	1907747374	f	ru	2025-05-14 11:45:28.692311	f89ea153-a141-45e6-914e-d7ad57974133
134	6220761010	f	ru	2025-05-14 11:45:43.888099	62dcccc5-2fb7-4429-883d-1ed5f46b3740
135	1451291635	f	ru	2025-05-14 11:47:08.903972	d333dd9a-2d30-4f46-97da-bca395845009
136	643247111	f	ru	2025-05-14 11:48:35.015146	3d5a14a1-b765-4cba-a071-e4d805e79398
137	5143426817	f	ru	2025-05-14 11:49:31.234987	ddc1c3d1-c968-4e4a-ad23-23e8865cd5c5
138	6771934559	f	ru	2025-05-14 11:50:00.972782	dbe55e56-ca39-48bc-a8a2-9e038312bb7a
139	5802625955	f	ru	2025-05-14 11:54:23.580224	c3751cf6-3c24-4968-891c-eb975a90f7ac
140	1444694171	f	ru	2025-05-14 11:54:58.13634	7f76c967-7913-4e10-97b3-3ace0974a7ad
141	1277560191	f	ru	2025-05-14 11:55:36.098287	b02096e4-c5f2-4aea-95e6-6097737c73dd
142	823068326	f	ru	2025-05-14 11:58:23.08347	0c813d09-098d-4a1f-bd78-0353a8343e34
143	7373969251	f	ru	2025-05-14 12:01:10.587772	3a95da48-57ef-443b-8bc4-a6cc702da814
144	695290247	f	ru	2025-05-14 12:01:23.449681	598c3d83-7693-4082-b6c7-d55d3bb1fdbe
145	7647253409	f	ru	2025-05-14 12:01:55.351439	95c7d78c-6e49-4a19-993a-c527d5b65020
146	5237526111	f	ru	2025-05-14 12:04:14.329556	2cb5f797-ccba-4d2d-9362-11f43e39fd93
147	7110116169	f	ru	2025-05-14 12:05:08.806582	f422d8a9-d610-4679-a3f2-4407b2c250d4
148	825553465	f	ru	2025-05-14 12:12:05.273185	061c4792-674c-44c0-bf6a-8cd0cd6c9fb6
149	686336322	f	ru	2025-05-14 12:15:21.957943	a66e0d4e-bfaf-4b81-acbb-b10ba8584ba3
150	1523642130	f	ru	2025-05-14 12:17:45.923872	cecb79ed-151b-49c4-9853-13452c3772c3
151	6359813921	f	ru	2025-05-14 12:18:03.107118	a3663248-6b4c-4247-b5c4-3de648fa8279
152	5014337148	f	ru	2025-05-14 12:20:27.748462	37f01b63-4200-4960-972a-4abe88aabd5b
153	1006928838	f	ru	2025-05-14 12:23:07.668949	0c5062b6-0877-47a4-8d3a-17409042f37c
154	1620026509	f	ru	2025-05-14 12:24:08.257867	89d68362-abba-4f4e-89ef-8050d62c998e
155	1097375931	f	ru	2025-05-14 12:27:01.460277	b6925826-9297-43b0-a7b7-46b0d9188f9f
156	5728438221	f	ru	2025-05-14 12:30:08.503591	73bd6b28-72bb-44f3-a028-159075a9d877
157	7931910181	f	ru	2025-05-14 12:37:25.434137	77c16d10-b773-49ca-b8cc-784881f7499d
158	6247332660	f	ru	2025-05-14 12:50:57.458461	740ee6d8-dc5c-46c0-95f2-b38e611d37e1
159	6886057799	f	ru	2025-05-14 12:55:56.196937	e8af0c53-5ad3-4881-ad95-cd2de260e254
160	1904985930	f	ru	2025-05-14 13:00:25.296875	9d9ab963-3e96-4912-a1ce-b8209d08e953
161	5051726450	f	uk	2025-05-14 13:06:39.853524	f3ca4113-dc70-4564-b625-ef3feb2cc6c5
162	5024116704	f	ru	2025-05-14 13:08:51.338781	b90d7fcc-79d3-47c0-bfa0-c0fcb8d393ee
163	1110089879	f	ru	2025-05-14 13:09:54.118282	39917653-0aa1-45cf-877b-b3e6749eda93
164	1076979618	f	ru	2025-05-14 13:15:06.607869	6acb22d2-9d38-49e3-8e6d-1446cb3d5243
165	319244030	f	ru	2025-05-14 13:22:42.497299	800beaf8-e45d-46c4-a330-26e5ebd8d604
166	1485440251	f	ru	2025-05-14 13:26:24.943657	a0d91545-465a-434e-a0fd-aee3bec887ee
167	7449805962	f	ru	2025-05-14 13:31:37.915273	47188d40-6d1f-4a4d-925a-5607c3ac0f8f
168	7354898045	f	ru	2025-05-14 13:32:58.521043	85bcaa27-e589-4394-9637-0d6010a0a712
169	5226849257	f	ru	2025-05-14 13:39:03.191464	05f37d4f-dee9-4be6-95c8-e5c21d49a76f
170	5944475274	f	ru	2025-05-14 13:39:43.808511	8f70a520-faec-4df8-a08b-b2cceb07c7ba
171	6016211254	f	ru	2025-05-14 13:41:32.339543	7df0343e-c21c-4229-a98a-4a29b9641372
172	102273127	f	ru	2025-05-14 13:48:53.955958	99737886-c201-4331-975e-3ad1abd70647
173	1812314731	f	ru	2025-05-14 13:55:40.644068	f1535698-98ff-47a7-8e20-4dcdfe81644f
174	7259700501	f	ru	2025-05-14 14:00:17.207076	900e1a5f-efa7-4823-9724-964e5e85a07f
175	7681567427	f	ru	2025-05-14 14:04:01.097929	aff1c818-6770-45d9-be38-8710186cecba
176	5898278104	f	ru	2025-05-14 14:10:28.378077	3605e7c6-e7f6-4efb-978b-90e7ade25e2f
177	656169246	f	uk	2025-05-14 14:20:10.97401	aecd781b-d33d-4e72-b5fa-4eb52caf315f
178	6476482107	f	ru	2025-05-14 14:38:40.837126	98780d95-574d-493c-b346-28d3dcfcf8eb
179	1455289401	f	ru	2025-05-14 14:55:58.851712	3b02d807-f174-40b1-a0d5-b94eab56178d
180	1153873995	f	ru	2025-05-14 15:05:28.434036	a8856742-6c6e-4e46-aca2-0d267a27f250
181	5048452566	f	ru	2025-05-14 15:08:44.033436	399aa1a4-06db-4c2c-a0bc-eca1a6595912
182	5889297133	f	ru	2025-05-14 15:09:37.164247	3d3853d3-379f-48c6-ba8f-91d5d182614c
183	6795217914	f	ru	2025-05-14 15:26:22.632705	0df262e0-8b88-4537-b207-ba29eba07294
184	205920746	f	ru	2025-05-14 15:27:29.87317	9bb62fa8-966a-4855-9efd-1cb7c00a3d2a
185	7083078214	f	ru	2025-05-14 15:35:48.228121	8102858c-fd2f-4e59-a3e2-0b5db52ae8e7
186	656782665	f	ru	2025-05-14 15:44:11.855296	ed8fc904-bca7-4409-a101-8ef760b194ca
187	6627322810	f	ru	2025-05-14 15:49:17.426664	21b85826-ad69-447b-9c38-c91b0ae45ced
188	5468863650	f	ru	2025-05-14 15:57:33.76791	5fc2358a-5a66-4580-a80c-c01003535b3b
189	5527994789	f	ru	2025-05-14 15:58:02.937146	91299f26-dfdb-4cd7-b486-e10b02635198
190	1619127764	f	ru	2025-05-14 15:58:15.28231	0eba2c24-698e-4a35-a979-e694ab7197f0
191	6035543349	f	ru	2025-05-14 16:17:22.528324	52efccf3-9881-4cb0-b78f-54f44e937c5c
192	5879820158	f	ru	2025-05-14 17:31:36.022488	267b3d3d-50f2-45d4-9af8-3998dfe6cde6
193	1390579817	f	ru	2025-05-14 17:37:26.096179	c2d29da7-e64c-4cd5-a332-951003643120
194	8148169570	f	ru	2025-05-14 17:45:05.094872	39bc5023-0e46-461e-9702-c240bfa69290
195	1463689894	f	ru	2025-05-14 18:47:47.928171	0fd9c3c9-cadf-4e60-a3e0-f2ad5de096c7
196	5795510517	f	ru	2025-05-14 19:07:49.501585	d57b1c2b-344e-4a7c-a9b8-e45daa8d3f93
197	388526306	f	ru	2025-05-14 19:15:29.435096	578f3ea3-d355-4805-b330-11c749c2421a
198	987742367	f	ru	2025-05-14 19:26:04.449075	2b70c9ef-d0d1-4de0-8d32-90e867c41c35
199	5266836813	f	ru	2025-05-14 21:39:16.098126	166ab8d9-39d2-41a4-b9c1-f5e3a6a30555
200	5837727248	f	ru	2025-05-14 22:12:19.512075	06a589f1-01a2-4331-8395-78d1a0b0ec9e
201	6614899567	f	ru	2025-05-14 23:12:23.906109	418ce12e-340d-499c-bb2f-3906e8dcb612
202	124028738	f	ru	2025-05-14 23:58:18.994136	21d7f284-f914-432a-9393-d8b7a569cd48
203	5193476656	f	ru	2025-05-15 00:44:49.630444	b905fda9-9be8-4f96-8abd-d1144ad8a60b
204	5184009358	f	ru	2025-05-15 05:07:23.432077	d2e779cc-e570-4ef5-a4c3-f7751a6d2d4c
205	5256664646	f	ru	2025-05-15 07:36:49.010648	370d45d2-fa24-4b13-b04d-c9c39b1e03a3
206	1394823229	f	ru	2025-05-15 09:10:17.349847	cc744c40-cfe7-47a2-9b02-9812d7bc82a0
207	5796847248	f	ru	2025-05-15 10:36:51.815758	4b62eda0-5766-4e69-867c-41eaead7111f
208	7032549313	f	ru	2025-05-15 10:37:52.558751	c3a14423-91aa-4261-a908-984a91625e09
209	1585804126	f	ru	2025-05-15 10:38:23.658226	c632673d-f202-45ff-808c-d94b1a7603a6
210	6533055542	f	ru	2025-05-15 10:45:41.717972	fd11cc1c-dd20-41ff-8545-97483251d8f4
211	6006203115	f	ru	2025-05-15 10:50:06.46828	625ccbf7-914a-463d-a3a8-36cb72652495
212	6674299372	f	ru	2025-05-15 10:50:59.34494	1b88886f-de26-46c3-9911-7ab6fe9e1c7c
213	7582525241	f	ru	2025-05-15 12:32:36.03198	86247f6a-9570-4071-9af0-3bbd52deb4e7
214	1132146189	f	ru	2025-05-15 14:52:23.581472	435f0c0c-e3cc-41d4-a4b1-3edaddd81050
215	5990401400	f	ru	2025-05-15 15:57:03.352335	80485fbe-164d-4103-adab-1ad092db6e5d
216	5374824090	f	ru	2025-05-17 10:11:27.811826	6ba00e39-a875-4e32-bfdd-561ae63b7a4e
\.


--
-- Data for Name: users; Type: TABLE DATA; Schema: public; Owner: ghostline_admin_prod
--

COPY public.users (id, created_at) FROM stdin;
489c989e-02fc-4705-9713-e7b82dd19419	2025-04-29 17:54:06.240504
9814ca58-d712-40de-8215-725a643e4739	2025-04-30 00:19:16.539821
b5407c5a-1b2e-4efc-bd6e-79b4928f4127	2025-04-30 13:21:36.896139
8ae58429-df84-488c-9f27-8e9f24f2ace5	2025-04-30 15:02:25.355158
46d6c9c5-c9b2-4826-b9a3-ffeca6fc56b7	2025-04-30 15:08:49.516352
2cb535b0-1252-4abe-93c5-fae6adb0e1a8	2025-04-30 15:14:49.015506
4cc854b5-0b9b-4ce8-9d4d-92329d563ef1	2025-04-30 16:13:46.911085
9e0f5856-b492-4cbb-9810-b29e26e5ff8c	2025-04-30 18:04:27.827031
083e4dda-6727-4b38-bb03-663fc849bf7a	2025-04-30 18:05:02.437213
b42f11df-0cca-4908-9ba7-8ed8e61cd308	2025-04-30 18:05:11.744806
966a2ae8-b4c9-46c4-afc9-ce41bb20fe96	2025-04-30 18:05:58.633699
f55c2ef9-beee-4272-9fce-0d8e7a18c937	2025-04-30 18:07:02.294876
0dd7cac1-53b0-4b6f-b8d9-70dec5821838	2025-04-30 18:07:12.337884
012c0a91-24ba-4ab4-bf1d-b3ee1b9e6c8d	2025-04-30 18:08:00.730995
0ebabeb1-a324-44e7-9879-e5783f0aab45	2025-04-30 18:09:08.878164
86c90430-a55c-4825-b8fc-d9971748bc60	2025-04-30 18:10:18.21691
e8ba025f-9369-4b75-b7d8-62f38d2ced59	2025-04-30 18:10:26.579684
ac1ef3eb-102e-4673-931e-ea1d96fbdb81	2025-04-30 18:12:16.729556
66da4458-64ba-48e3-8f02-123593bae9d9	2025-04-30 18:13:24.701794
b9d61914-3b25-4e93-adee-cbd7d8d95820	2025-04-30 18:24:53.901111
ea67920b-3840-444b-b10f-4de9fc0f4191	2025-04-30 18:26:20.439355
2637bc23-6070-4a89-bc33-60004a61f891	2025-04-30 18:28:48.550237
4dcc32c9-790d-4688-9174-1a5e912a5714	2025-04-30 18:29:39.168664
a6d5397f-bfbf-456b-898d-1b802548954d	2025-04-30 18:31:01.172375
392f428f-1e8b-4f71-9d8d-4f08daf7a8ca	2025-04-30 18:35:18.421212
eef4e045-64ca-47dd-88a5-37a29de07efe	2025-04-30 18:45:51.645221
c7b17b82-bc30-4bd0-ba16-d45a0ced0085	2025-04-30 18:58:15.371188
ad8f208f-dbb0-4431-847c-7d5998864db1	2025-04-30 19:02:16.01771
ddeb9d07-8407-4f54-8da6-fc22f2920222	2025-04-30 19:06:27.401062
408b83a0-31ed-4485-be33-b82f9a04c1de	2025-04-30 19:08:05.362209
d01d4149-c8d1-440d-afaf-f8a845e958be	2025-04-30 19:11:02.356358
110a25e3-5b0a-4dc3-963f-8cf0ea38bdf6	2025-04-30 19:15:48.509698
068564ff-c4d2-4c72-97e2-7b61d9047d31	2025-04-30 19:16:29.963829
1e8493c3-4924-4203-9463-47b7d752e0b6	2025-04-30 19:37:09.494619
645bdad0-db85-44d5-a86d-a89d19765f66	2025-04-30 20:15:20.1194
ebfafb0b-7411-4b26-b95b-a8801ff16eca	2025-04-30 22:13:43.822926
10542a3c-772a-44cf-be02-24c643b0d993	2025-04-30 23:16:31.068077
e87a3c26-505b-4020-ba60-5d5a3b4a3909	2025-05-01 01:31:05.906638
18a84746-3978-4c4b-99cf-5425fc8d760e	2025-05-01 04:10:01.84644
751372f4-50bb-49db-b522-3216b9e8bccf	2025-05-01 07:20:40.690996
fd4f2829-2cac-4483-ab68-38df4fac1490	2025-05-01 08:12:20.836692
b25eb612-018e-44b7-a9fc-bb8e0046f43d	2025-05-01 10:00:26.54156
724ac480-d297-4c22-a1c9-45c9702d66f3	2025-05-01 11:13:28.811306
041b890b-bbce-4492-bc38-d4aab77bf0cf	2025-05-01 12:20:16.983857
e8aca920-c8fa-4b63-ae82-49e49e000722	2025-05-01 13:32:28.738996
9e535b91-d68f-4ffb-a3b1-ff288c2c1785	2025-05-01 18:10:10.697614
9aa14d90-48e7-4c69-9159-bb95ea0dde20	2025-05-01 18:47:43.716305
9f75b19b-3008-45d0-8c7b-70770703fdb2	2025-05-01 20:00:11.43821
b88c4206-c9df-430e-bb68-76054c24127c	2025-05-01 20:46:35.082679
9967c709-c2d9-4947-813f-f993cc0cd35f	2025-05-01 21:30:27.101826
cc1baa24-460d-4d2b-a11d-f9d7c2566b71	2025-05-02 06:35:08.607515
167738f9-911c-4740-8e44-0d1fb10c6c9c	2025-05-02 10:23:51.924946
e9176f51-91e3-4e90-b126-330dad605eb7	2025-05-02 10:25:21.486841
a8bc9fc5-bb70-46c0-8098-54a25b1b4b6c	2025-05-02 17:43:29.327785
b24828b8-b5b7-4aec-b911-1744c626f8a5	2025-05-02 19:07:09.402383
df927b81-beae-4f9f-8af4-56785909bd8c	2025-05-02 19:21:54.580315
f2e76ded-a56d-4ebd-a16f-827b9f39cd46	2025-05-02 19:51:22.131385
b217bdc3-c74e-44c2-8287-b26adcb65378	2025-05-04 00:26:32.814633
ba246323-c80a-477a-a750-f1667ed68577	2025-05-04 10:04:07.944287
852cd397-2ce8-42eb-a139-90d1f6f1db3c	2025-05-04 13:54:22.143409
5c8a3228-33e8-4f23-811a-d8534ed31593	2025-05-04 17:42:37.313293
62afabbc-fd72-4afc-82cc-760c9d16bbc4	2025-05-04 18:11:39.197001
a9b5d155-3398-4f8d-92db-ab5525288cfd	2025-05-05 07:52:45.191983
8d98cc56-9cb4-4c7a-828b-a8a78059c5e9	2025-05-05 13:20:19.713217
23bbfe97-4b65-4f48-859c-bcdfa5fc845c	2025-05-05 19:46:15.77765
10c49225-329d-4e6b-88ff-951a850be17a	2025-05-06 00:32:20.263348
6405bcdd-2451-460f-bd75-e0720c9c88a3	2025-05-06 10:31:27.208716
1708f655-166d-4628-a55e-0e0b46a96ba0	2025-05-06 11:07:34.396086
1c6e174e-4490-4a6d-bbca-3e76d522eb97	2025-05-06 15:20:26.19545
1fc43ef8-dc21-4743-93d2-ed3ce8db1c67	2025-05-07 22:52:21.651566
49775db7-7d3a-46a9-a102-9547de41ab25	2025-05-08 19:34:21.851621
ca9ddc6c-cfc0-4578-bc22-32a5d020484d	2025-05-08 22:13:43.739271
09e8b5c1-9d00-4335-995d-86ebd80aabbf	2025-05-08 23:12:09.243837
f39ad4ff-8df5-4acf-b83b-601f4783e275	2025-05-09 10:06:42.531023
703ad9cd-9a47-4a36-b7a5-9dd1c8938513	2025-05-09 10:10:19.204667
39d1ba8c-6243-41f7-9bea-10917c1afaf2	2025-05-09 10:40:27.516878
387894c7-6104-4ea3-9472-bd8fd4a7870b	2025-05-09 11:54:17.570209
910e504b-da99-44c6-9a40-ab54d47f53a3	2025-05-09 14:01:27.018487
f2ef921b-cdea-4a66-95d7-024f063c0763	2025-05-09 19:14:46.976559
494cb179-c177-4f9e-8645-91b5120b0fc8	2025-05-10 15:23:15.562615
3912c5f6-91be-4f77-8482-377e87819260	2025-05-11 13:37:00.406129
c54442f0-da0e-4010-800e-3564e4b94a31	2025-05-13 09:48:52.31237
348db5cb-09c2-4a54-ad79-160f56c357d4	2025-05-13 10:08:55.124992
fb0f46e9-a597-4b3c-892f-341234089a1f	2025-05-13 16:16:50.243591
18112daa-a76e-4f75-9c6b-837aa4a33e1c	2025-05-13 16:33:20.648447
90aaee83-86ff-4165-82c0-f84038c719c1	2025-05-14 11:01:58.806484
3b8e6888-fe64-4104-b822-8461f9b2acda	2025-05-14 11:02:07.460208
6e282ddc-022c-494f-beae-78c5fb3fe7a1	2025-05-14 11:02:15.960684
f8365f72-e064-436e-8f1f-cfe47d9a74b5	2025-05-14 11:02:27.101338
c4af8f77-0109-41e9-9a8f-43672b5304e7	2025-05-14 11:02:34.877198
c2f79096-e98e-41ed-827e-b16c9ab51ef6	2025-05-14 11:02:49.432009
a806219c-9f78-4661-add5-74857ecb94c1	2025-05-14 11:02:51.767527
ba8c281f-3cef-41db-83d6-2df9bf7c21f5	2025-05-14 11:02:55.58486
b2a91f46-bdc3-4569-8380-c6b914bae03d	2025-05-14 11:03:04.624768
43c4ac6e-363a-49fc-88fd-29b4d0df1b09	2025-05-14 11:03:17.750286
e3f4c54f-f931-4faa-9f9b-a5f70eae9d07	2025-05-14 11:03:44.868527
039f5f85-9431-4e65-a6b1-b68ceedaad6a	2025-05-14 11:04:37.99522
2d8ac762-c527-42bd-bb2b-d765b1575b44	2025-05-14 11:05:03.141778
6e4c9499-7193-44dc-a0ef-e6356268d43c	2025-05-14 11:05:25.111813
c9f2e902-35cc-4a2e-b485-fe8256a5fd3e	2025-05-14 11:05:57.644048
532ab557-f8ae-4354-a409-5e1a8f24d18f	2025-05-14 11:07:08.672593
88691ec9-2a7f-4635-9bc5-332f741afa81	2025-05-14 11:07:46.367292
7ce244f9-80d0-41c2-8fa2-85ddb5444855	2025-05-14 11:08:12.886954
24f61b96-42b2-4b24-9e4c-6cb6dd173b71	2025-05-14 11:09:08.832021
7f9c0cb0-f4a3-4138-8182-30ae64bdefc6	2025-05-14 11:09:56.371628
74d22a9c-bb2a-41c2-a6c1-36a4e049f9c6	2025-05-14 11:10:04.68538
69182b0b-1c2a-4417-a227-d034db83f3b2	2025-05-14 11:10:15.090265
925e01a4-f965-45da-b670-8c80608f91ec	2025-05-14 11:11:16.337489
98feec6a-6da1-4e7a-81b4-2a384d961e29	2025-05-14 11:11:55.174091
b5ff189d-0bab-4032-b27c-ac8279d1fa33	2025-05-14 11:12:54.977129
677062a8-3df4-4ca4-8313-bb3cd3b40dd0	2025-05-14 11:13:31.04586
6db0d78a-1dde-4840-98c3-b26ff953867e	2025-05-14 11:14:32.65696
236253fa-d841-4364-95ce-80128a71d21f	2025-05-14 11:16:56.209709
0cb4f04c-a868-471c-bc03-4c739cb17424	2025-05-14 11:20:01.601361
14402676-ac98-4e09-9344-63d45112ab3d	2025-05-14 11:21:01.065364
b3f954b8-5548-44e7-8cf7-870168f8191c	2025-05-14 11:26:29.312811
d5525acf-2b26-48d7-9eb8-a217315ae729	2025-05-14 11:28:21.397071
bbd872d1-cc8e-494e-bcab-a4a7cc1c15cf	2025-05-14 11:30:07.523874
196bb2cb-b633-4400-9865-f192a2d92350	2025-05-14 11:31:16.612041
1b66814e-64c9-41a8-87d5-96f4bfd21c59	2025-05-14 11:31:43.338574
b3ae4687-e63e-457e-b0ca-1e6f310fd314	2025-05-14 11:32:25.595595
d1422351-ba14-4e4b-83b5-3eaf804770fa	2025-05-14 11:33:06.022501
5a2bc52c-75e0-4301-8008-c59340a847f2	2025-05-14 11:35:08.200624
489f472c-6522-42ae-a4fd-a3033ad658d0	2025-05-14 11:35:49.40793
a2a591f7-449e-4a9e-8590-d5bf5a7d8fc0	2025-05-14 11:36:47.813766
3e4c7f0d-15f8-41a1-96d1-0ac6ec43085a	2025-05-14 11:37:07.770102
e2297df3-b385-4b53-b51e-e2685dbabb3f	2025-05-14 11:40:46.275847
02024774-346a-4a69-91ac-6981075f562b	2025-05-14 11:44:03.622781
731650a0-2256-4ef2-84ab-02b9b312880b	2025-05-14 11:44:15.893254
f52f1221-e288-41b6-b4b2-0b98323cabdf	2025-05-14 11:44:44.338889
f89ea153-a141-45e6-914e-d7ad57974133	2025-05-14 11:45:28.690553
62dcccc5-2fb7-4429-883d-1ed5f46b3740	2025-05-14 11:45:43.886035
d333dd9a-2d30-4f46-97da-bca395845009	2025-05-14 11:47:08.902268
3d5a14a1-b765-4cba-a071-e4d805e79398	2025-05-14 11:48:35.013632
ddc1c3d1-c968-4e4a-ad23-23e8865cd5c5	2025-05-14 11:49:31.232649
dbe55e56-ca39-48bc-a8a2-9e038312bb7a	2025-05-14 11:50:00.97134
c3751cf6-3c24-4968-891c-eb975a90f7ac	2025-05-14 11:54:23.578185
7f76c967-7913-4e10-97b3-3ace0974a7ad	2025-05-14 11:54:58.133966
b02096e4-c5f2-4aea-95e6-6097737c73dd	2025-05-14 11:55:36.096053
0c813d09-098d-4a1f-bd78-0353a8343e34	2025-05-14 11:58:23.081468
3a95da48-57ef-443b-8bc4-a6cc702da814	2025-05-14 12:01:10.5854
598c3d83-7693-4082-b6c7-d55d3bb1fdbe	2025-05-14 12:01:23.448444
95c7d78c-6e49-4a19-993a-c527d5b65020	2025-05-14 12:01:55.350045
2cb5f797-ccba-4d2d-9362-11f43e39fd93	2025-05-14 12:04:14.327837
f422d8a9-d610-4679-a3f2-4407b2c250d4	2025-05-14 12:05:08.804999
061c4792-674c-44c0-bf6a-8cd0cd6c9fb6	2025-05-14 12:12:05.270804
a66e0d4e-bfaf-4b81-acbb-b10ba8584ba3	2025-05-14 12:15:21.956011
cecb79ed-151b-49c4-9853-13452c3772c3	2025-05-14 12:17:45.921726
a3663248-6b4c-4247-b5c4-3de648fa8279	2025-05-14 12:18:03.105979
37f01b63-4200-4960-972a-4abe88aabd5b	2025-05-14 12:20:27.746338
0c5062b6-0877-47a4-8d3a-17409042f37c	2025-05-14 12:23:07.666772
89d68362-abba-4f4e-89ef-8050d62c998e	2025-05-14 12:24:08.256192
b6925826-9297-43b0-a7b7-46b0d9188f9f	2025-05-14 12:27:01.458774
73bd6b28-72bb-44f3-a028-159075a9d877	2025-05-14 12:30:08.501671
77c16d10-b773-49ca-b8cc-784881f7499d	2025-05-14 12:37:25.431374
740ee6d8-dc5c-46c0-95f2-b38e611d37e1	2025-05-14 12:50:57.456013
e8af0c53-5ad3-4881-ad95-cd2de260e254	2025-05-14 12:55:56.194625
9d9ab963-3e96-4912-a1ce-b8209d08e953	2025-05-14 13:00:25.294656
f3ca4113-dc70-4564-b625-ef3feb2cc6c5	2025-05-14 13:06:39.850204
b90d7fcc-79d3-47c0-bfa0-c0fcb8d393ee	2025-05-14 13:08:51.337501
39917653-0aa1-45cf-877b-b3e6749eda93	2025-05-14 13:09:54.115145
6acb22d2-9d38-49e3-8e6d-1446cb3d5243	2025-05-14 13:15:06.605504
800beaf8-e45d-46c4-a330-26e5ebd8d604	2025-05-14 13:22:42.495251
a0d91545-465a-434e-a0fd-aee3bec887ee	2025-05-14 13:26:24.941274
47188d40-6d1f-4a4d-925a-5607c3ac0f8f	2025-05-14 13:31:37.913111
85bcaa27-e589-4394-9637-0d6010a0a712	2025-05-14 13:32:58.518944
05f37d4f-dee9-4be6-95c8-e5c21d49a76f	2025-05-14 13:39:03.18917
8f70a520-faec-4df8-a08b-b2cceb07c7ba	2025-05-14 13:39:43.807161
7df0343e-c21c-4229-a98a-4a29b9641372	2025-05-14 13:41:32.337534
99737886-c201-4331-975e-3ad1abd70647	2025-05-14 13:48:53.954019
f1535698-98ff-47a7-8e20-4dcdfe81644f	2025-05-14 13:55:40.641856
900e1a5f-efa7-4823-9724-964e5e85a07f	2025-05-14 14:00:17.205002
aff1c818-6770-45d9-be38-8710186cecba	2025-05-14 14:04:01.095791
3605e7c6-e7f6-4efb-978b-90e7ade25e2f	2025-05-14 14:10:28.37586
aecd781b-d33d-4e72-b5fa-4eb52caf315f	2025-05-14 14:20:10.962511
98780d95-574d-493c-b346-28d3dcfcf8eb	2025-05-14 14:38:40.835229
3b02d807-f174-40b1-a0d5-b94eab56178d	2025-05-14 14:55:58.849315
a8856742-6c6e-4e46-aca2-0d267a27f250	2025-05-14 15:05:28.43164
399aa1a4-06db-4c2c-a0bc-eca1a6595912	2025-05-14 15:08:44.031548
3d3853d3-379f-48c6-ba8f-91d5d182614c	2025-05-14 15:09:37.162763
0df262e0-8b88-4537-b207-ba29eba07294	2025-05-14 15:26:22.63068
9bb62fa8-966a-4855-9efd-1cb7c00a3d2a	2025-05-14 15:27:29.871521
8102858c-fd2f-4e59-a3e2-0b5db52ae8e7	2025-05-14 15:35:48.226135
ed8fc904-bca7-4409-a101-8ef760b194ca	2025-05-14 15:44:11.853166
21b85826-ad69-447b-9c38-c91b0ae45ced	2025-05-14 15:49:17.424699
5fc2358a-5a66-4580-a80c-c01003535b3b	2025-05-14 15:57:33.765621
91299f26-dfdb-4cd7-b486-e10b02635198	2025-05-14 15:58:02.935615
0eba2c24-698e-4a35-a979-e694ab7197f0	2025-05-14 15:58:15.280917
52efccf3-9881-4cb0-b78f-54f44e937c5c	2025-05-14 16:17:22.5256
267b3d3d-50f2-45d4-9af8-3998dfe6cde6	2025-05-14 17:31:36.020232
c2d29da7-e64c-4cd5-a332-951003643120	2025-05-14 17:37:26.094201
39bc5023-0e46-461e-9702-c240bfa69290	2025-05-14 17:45:05.092909
0fd9c3c9-cadf-4e60-a3e0-f2ad5de096c7	2025-05-14 18:47:47.925603
d57b1c2b-344e-4a7c-a9b8-e45daa8d3f93	2025-05-14 19:07:49.499358
578f3ea3-d355-4805-b330-11c749c2421a	2025-05-14 19:15:29.431212
2b70c9ef-d0d1-4de0-8d32-90e867c41c35	2025-05-14 19:26:04.439634
166ab8d9-39d2-41a4-b9c1-f5e3a6a30555	2025-05-14 21:39:16.0954
06a589f1-01a2-4331-8395-78d1a0b0ec9e	2025-05-14 22:12:19.509268
418ce12e-340d-499c-bb2f-3906e8dcb612	2025-05-14 23:12:23.904066
21d7f284-f914-432a-9393-d8b7a569cd48	2025-05-14 23:58:18.991783
b905fda9-9be8-4f96-8abd-d1144ad8a60b	2025-05-15 00:44:49.628066
d2e779cc-e570-4ef5-a4c3-f7751a6d2d4c	2025-05-15 05:07:23.429432
370d45d2-fa24-4b13-b04d-c9c39b1e03a3	2025-05-15 07:36:49.008132
cc744c40-cfe7-47a2-9b02-9812d7bc82a0	2025-05-15 09:10:17.346981
4b62eda0-5766-4e69-867c-41eaead7111f	2025-05-15 10:36:51.813525
c3a14423-91aa-4261-a908-984a91625e09	2025-05-15 10:37:52.556896
c632673d-f202-45ff-808c-d94b1a7603a6	2025-05-15 10:38:23.657046
fd11cc1c-dd20-41ff-8545-97483251d8f4	2025-05-15 10:45:41.715882
625ccbf7-914a-463d-a3a8-36cb72652495	2025-05-15 10:50:06.466161
1b88886f-de26-46c3-9911-7ab6fe9e1c7c	2025-05-15 10:50:59.33946
86247f6a-9570-4071-9af0-3bbd52deb4e7	2025-05-15 12:32:36.029602
435f0c0c-e3cc-41d4-a4b1-3edaddd81050	2025-05-15 14:52:23.579187
80485fbe-164d-4103-adab-1ad092db6e5d	2025-05-15 15:57:03.349421
6ba00e39-a875-4e32-bfdd-561ae63b7a4e	2025-05-17 10:11:27.806714
\.


--
-- Data for Name: vpn_accounts; Type: TABLE DATA; Schema: public; Owner: ghostline_admin_prod
--

COPY public.vpn_accounts (id, server, port, public_key, created_at, user_id, flow, sni, devices_limit, is_blocked) FROM stdin;
6	81.31.245.142	443	Hh5dVmWWFQDjvVEfgQgS77r4-NUUbqMdxL_Dhc55RHE	2025-04-30 15:08:56.205994	46d6c9c5-c9b2-4826-b9a3-ffeca6fc56b7	xtls-rprx-vision	www.microsoft.com	10	t
7	81.31.245.142	443	Hh5dVmWWFQDjvVEfgQgS77r4-NUUbqMdxL_Dhc55RHE	2025-04-30 15:14:55.403618	2cb535b0-1252-4abe-93c5-fae6adb0e1a8	xtls-rprx-vision	www.microsoft.com	10	t
8	81.31.245.142	443	Hh5dVmWWFQDjvVEfgQgS77r4-NUUbqMdxL_Dhc55RHE	2025-04-30 18:05:26.378684	b42f11df-0cca-4908-9ba7-8ed8e61cd308	xtls-rprx-vision	www.microsoft.com	10	t
9	81.31.245.142	443	Hh5dVmWWFQDjvVEfgQgS77r4-NUUbqMdxL_Dhc55RHE	2025-04-30 18:26:37.951796	ea67920b-3840-444b-b10f-4de9fc0f4191	xtls-rprx-vision	www.microsoft.com	10	t
10	81.31.245.142	443	Hh5dVmWWFQDjvVEfgQgS77r4-NUUbqMdxL_Dhc55RHE	2025-04-30 18:35:24.006072	392f428f-1e8b-4f71-9d8d-4f08daf7a8ca	xtls-rprx-vision	www.microsoft.com	10	t
11	81.31.245.142	443	Hh5dVmWWFQDjvVEfgQgS77r4-NUUbqMdxL_Dhc55RHE	2025-04-30 18:46:00.346844	eef4e045-64ca-47dd-88a5-37a29de07efe	xtls-rprx-vision	www.microsoft.com	10	t
12	81.31.245.142	443	Hh5dVmWWFQDjvVEfgQgS77r4-NUUbqMdxL_Dhc55RHE	2025-04-30 18:58:39.480596	c7b17b82-bc30-4bd0-ba16-d45a0ced0085	xtls-rprx-vision	www.microsoft.com	10	t
13	81.31.245.142	443	Hh5dVmWWFQDjvVEfgQgS77r4-NUUbqMdxL_Dhc55RHE	2025-04-30 19:02:31.250834	ad8f208f-dbb0-4431-847c-7d5998864db1	xtls-rprx-vision	www.microsoft.com	10	t
14	81.31.245.142	443	Hh5dVmWWFQDjvVEfgQgS77r4-NUUbqMdxL_Dhc55RHE	2025-04-30 20:16:04.092952	645bdad0-db85-44d5-a86d-a89d19765f66	xtls-rprx-vision	www.microsoft.com	10	t
15	81.31.245.142	443	Hh5dVmWWFQDjvVEfgQgS77r4-NUUbqMdxL_Dhc55RHE	2025-05-01 08:12:28.252053	fd4f2829-2cac-4483-ab68-38df4fac1490	xtls-rprx-vision	www.microsoft.com	10	t
16	81.31.245.142	443	Hh5dVmWWFQDjvVEfgQgS77r4-NUUbqMdxL_Dhc55RHE	2025-05-01 11:13:58.481571	724ac480-d297-4c22-a1c9-45c9702d66f3	xtls-rprx-vision	www.microsoft.com	10	t
5	81.31.245.142	443	Hh5dVmWWFQDjvVEfgQgS77r4-NUUbqMdxL_Dhc55RHE	2025-04-30 00:22:43.789532	9814ca58-d712-40de-8215-725a643e4739	xtls-rprx-vision	www.microsoft.com	10	f
17	81.31.245.142	443	Hh5dVmWWFQDjvVEfgQgS77r4-NUUbqMdxL_Dhc55RHE	2025-05-01 18:50:14.069246	9aa14d90-48e7-4c69-9159-bb95ea0dde20	xtls-rprx-vision	www.microsoft.com	10	t
38	ghostline.pro	443	Hh5dVmWWFQDjvVEfgQgS77r4-NUUbqMdxL_Dhc55RHE	2025-05-14 11:09:19.353637	24f61b96-42b2-4b24-9e4c-6cb6dd173b71	xtls-rprx-vision	www.microsoft.com	10	f
39	ghostline.pro	443	Hh5dVmWWFQDjvVEfgQgS77r4-NUUbqMdxL_Dhc55RHE	2025-05-14 11:11:27.522296	925e01a4-f965-45da-b670-8c80608f91ec	xtls-rprx-vision	www.microsoft.com	10	f
40	ghostline.pro	443	Hh5dVmWWFQDjvVEfgQgS77r4-NUUbqMdxL_Dhc55RHE	2025-05-14 11:30:30.752212	bbd872d1-cc8e-494e-bcab-a4a7cc1c15cf	xtls-rprx-vision	www.microsoft.com	10	f
41	ghostline.pro	443	Hh5dVmWWFQDjvVEfgQgS77r4-NUUbqMdxL_Dhc55RHE	2025-05-14 11:31:32.016868	196bb2cb-b633-4400-9865-f192a2d92350	xtls-rprx-vision	www.microsoft.com	10	f
3	81.31.245.142	443	Hh5dVmWWFQDjvVEfgQgS77r4-NUUbqMdxL_Dhc55RHE	2025-04-29 17:56:29.920587	489c989e-02fc-4705-9713-e7b82dd19419	xtls-rprx-vision	www.microsoft.com	10	f
4	81.31.245.142	443	Hh5dVmWWFQDjvVEfgQgS77r4-NUUbqMdxL_Dhc55RHE	2025-04-29 17:58:26.312011	489c989e-02fc-4705-9713-e7b82dd19419	xtls-rprx-vision	www.microsoft.com	10	f
19	81.31.245.142	443	Hh5dVmWWFQDjvVEfgQgS77r4-NUUbqMdxL_Dhc55RHE	2025-05-02 10:25:09.113846	167738f9-911c-4740-8e44-0d1fb10c6c9c	xtls-rprx-vision	www.microsoft.com	10	t
20	81.31.245.142	443	Hh5dVmWWFQDjvVEfgQgS77r4-NUUbqMdxL_Dhc55RHE	2025-05-02 17:43:42.135511	a8bc9fc5-bb70-46c0-8098-54a25b1b4b6c	xtls-rprx-vision	www.microsoft.com	10	t
21	81.31.245.142	443	Hh5dVmWWFQDjvVEfgQgS77r4-NUUbqMdxL_Dhc55RHE	2025-05-02 19:08:30.543977	b24828b8-b5b7-4aec-b911-1744c626f8a5	xtls-rprx-vision	www.microsoft.com	10	t
22	81.31.245.142	443	Hh5dVmWWFQDjvVEfgQgS77r4-NUUbqMdxL_Dhc55RHE	2025-05-02 19:22:48.168077	df927b81-beae-4f9f-8af4-56785909bd8c	xtls-rprx-vision	www.microsoft.com	10	t
23	81.31.245.142	443	Hh5dVmWWFQDjvVEfgQgS77r4-NUUbqMdxL_Dhc55RHE	2025-05-02 19:55:18.466279	f2e76ded-a56d-4ebd-a16f-827b9f39cd46	xtls-rprx-vision	www.microsoft.com	10	t
24	81.31.245.142	443	Hh5dVmWWFQDjvVEfgQgS77r4-NUUbqMdxL_Dhc55RHE	2025-05-03 21:43:41.525909	b9d61914-3b25-4e93-adee-cbd7d8d95820	xtls-rprx-vision	www.microsoft.com	10	t
25	81.31.245.142	443	Hh5dVmWWFQDjvVEfgQgS77r4-NUUbqMdxL_Dhc55RHE	2025-05-04 00:26:37.241395	b217bdc3-c74e-44c2-8287-b26adcb65378	xtls-rprx-vision	www.microsoft.com	10	t
26	81.31.245.142	443	Hh5dVmWWFQDjvVEfgQgS77r4-NUUbqMdxL_Dhc55RHE	2025-05-04 17:43:12.269072	5c8a3228-33e8-4f23-811a-d8534ed31593	xtls-rprx-vision	www.microsoft.com	10	t
42	ghostline.pro	443	Hh5dVmWWFQDjvVEfgQgS77r4-NUUbqMdxL_Dhc55RHE	2025-05-14 11:32:30.896912	b3ae4687-e63e-457e-b0ca-1e6f310fd314	xtls-rprx-vision	www.microsoft.com	10	f
43	ghostline.pro	443	Hh5dVmWWFQDjvVEfgQgS77r4-NUUbqMdxL_Dhc55RHE	2025-05-14 11:44:19.229836	02024774-346a-4a69-91ac-6981075f562b	xtls-rprx-vision	www.microsoft.com	10	f
27	ghostline.pro	443	Hh5dVmWWFQDjvVEfgQgS77r4-NUUbqMdxL_Dhc55RHE	2025-05-05 19:46:29.657024	23bbfe97-4b65-4f48-859c-bcdfa5fc845c	xtls-rprx-vision	www.microsoft.com	10	t
28	ghostline.pro	443	Hh5dVmWWFQDjvVEfgQgS77r4-NUUbqMdxL_Dhc55RHE	2025-05-06 00:32:55.106064	10c49225-329d-4e6b-88ff-951a850be17a	xtls-rprx-vision	www.microsoft.com	10	t
33	ghostline.pro	443	Hh5dVmWWFQDjvVEfgQgS77r4-NUUbqMdxL_Dhc55RHE	2025-05-14 11:02:10.072893	90aaee83-86ff-4165-82c0-f84038c719c1	xtls-rprx-vision	www.microsoft.com	10	f
34	ghostline.pro	443	Hh5dVmWWFQDjvVEfgQgS77r4-NUUbqMdxL_Dhc55RHE	2025-05-14 11:02:22.677539	3b8e6888-fe64-4104-b822-8461f9b2acda	xtls-rprx-vision	www.microsoft.com	10	f
35	ghostline.pro	443	Hh5dVmWWFQDjvVEfgQgS77r4-NUUbqMdxL_Dhc55RHE	2025-05-14 11:03:36.853485	b2a91f46-bdc3-4569-8380-c6b914bae03d	xtls-rprx-vision	www.microsoft.com	10	f
36	ghostline.pro	443	Hh5dVmWWFQDjvVEfgQgS77r4-NUUbqMdxL_Dhc55RHE	2025-05-14 11:07:14.704829	532ab557-f8ae-4354-a409-5e1a8f24d18f	xtls-rprx-vision	www.microsoft.com	10	f
37	ghostline.pro	443	Hh5dVmWWFQDjvVEfgQgS77r4-NUUbqMdxL_Dhc55RHE	2025-05-14 11:07:51.043621	88691ec9-2a7f-4635-9bc5-332f741afa81	xtls-rprx-vision	www.microsoft.com	10	f
44	ghostline.pro	443	Hh5dVmWWFQDjvVEfgQgS77r4-NUUbqMdxL_Dhc55RHE	2025-05-14 11:44:51.795088	f52f1221-e288-41b6-b4b2-0b98323cabdf	xtls-rprx-vision	www.microsoft.com	10	f
45	ghostline.pro	443	Hh5dVmWWFQDjvVEfgQgS77r4-NUUbqMdxL_Dhc55RHE	2025-05-14 11:45:34.638013	731650a0-2256-4ef2-84ab-02b9b312880b	xtls-rprx-vision	www.microsoft.com	10	f
46	ghostline.pro	443	Hh5dVmWWFQDjvVEfgQgS77r4-NUUbqMdxL_Dhc55RHE	2025-05-14 11:49:37.074941	ddc1c3d1-c968-4e4a-ad23-23e8865cd5c5	xtls-rprx-vision	www.microsoft.com	10	f
47	ghostline.pro	443	Hh5dVmWWFQDjvVEfgQgS77r4-NUUbqMdxL_Dhc55RHE	2025-05-14 11:50:07.789976	dbe55e56-ca39-48bc-a8a2-9e038312bb7a	xtls-rprx-vision	www.microsoft.com	10	f
48	ghostline.pro	443	Hh5dVmWWFQDjvVEfgQgS77r4-NUUbqMdxL_Dhc55RHE	2025-05-14 11:55:04.714516	7f76c967-7913-4e10-97b3-3ace0974a7ad	xtls-rprx-vision	www.microsoft.com	10	f
49	ghostline.pro	443	Hh5dVmWWFQDjvVEfgQgS77r4-NUUbqMdxL_Dhc55RHE	2025-05-14 12:01:24.700451	3a95da48-57ef-443b-8bc4-a6cc702da814	xtls-rprx-vision	www.microsoft.com	10	f
50	ghostline.pro	443	Hh5dVmWWFQDjvVEfgQgS77r4-NUUbqMdxL_Dhc55RHE	2025-05-14 12:02:01.557247	95c7d78c-6e49-4a19-993a-c527d5b65020	xtls-rprx-vision	www.microsoft.com	10	f
51	ghostline.pro	443	Hh5dVmWWFQDjvVEfgQgS77r4-NUUbqMdxL_Dhc55RHE	2025-05-14 12:04:19.487657	2cb5f797-ccba-4d2d-9362-11f43e39fd93	xtls-rprx-vision	www.microsoft.com	10	f
52	ghostline.pro	443	Hh5dVmWWFQDjvVEfgQgS77r4-NUUbqMdxL_Dhc55RHE	2025-05-14 12:15:30.007988	a66e0d4e-bfaf-4b81-acbb-b10ba8584ba3	xtls-rprx-vision	www.microsoft.com	10	f
53	ghostline.pro	443	Hh5dVmWWFQDjvVEfgQgS77r4-NUUbqMdxL_Dhc55RHE	2025-05-14 12:18:13.324722	a3663248-6b4c-4247-b5c4-3de648fa8279	xtls-rprx-vision	www.microsoft.com	10	f
54	ghostline.pro	443	Hh5dVmWWFQDjvVEfgQgS77r4-NUUbqMdxL_Dhc55RHE	2025-05-14 12:27:17.267672	b6925826-9297-43b0-a7b7-46b0d9188f9f	xtls-rprx-vision	www.microsoft.com	10	f
55	ghostline.pro	443	Hh5dVmWWFQDjvVEfgQgS77r4-NUUbqMdxL_Dhc55RHE	2025-05-14 12:37:44.125588	77c16d10-b773-49ca-b8cc-784881f7499d	xtls-rprx-vision	www.microsoft.com	10	f
56	ghostline.pro	443	Hh5dVmWWFQDjvVEfgQgS77r4-NUUbqMdxL_Dhc55RHE	2025-05-14 13:00:38.764638	9d9ab963-3e96-4912-a1ce-b8209d08e953	xtls-rprx-vision	www.microsoft.com	10	f
57	ghostline.pro	443	Hh5dVmWWFQDjvVEfgQgS77r4-NUUbqMdxL_Dhc55RHE	2025-05-14 13:09:59.758694	39917653-0aa1-45cf-877b-b3e6749eda93	xtls-rprx-vision	www.microsoft.com	10	f
58	ghostline.pro	443	Hh5dVmWWFQDjvVEfgQgS77r4-NUUbqMdxL_Dhc55RHE	2025-05-14 13:23:10.494806	800beaf8-e45d-46c4-a330-26e5ebd8d604	xtls-rprx-vision	www.microsoft.com	10	f
59	ghostline.pro	443	Hh5dVmWWFQDjvVEfgQgS77r4-NUUbqMdxL_Dhc55RHE	2025-05-14 14:00:24.645788	900e1a5f-efa7-4823-9724-964e5e85a07f	xtls-rprx-vision	www.microsoft.com	10	f
60	ghostline.pro	443	Hh5dVmWWFQDjvVEfgQgS77r4-NUUbqMdxL_Dhc55RHE	2025-05-14 14:39:20.139503	98780d95-574d-493c-b346-28d3dcfcf8eb	xtls-rprx-vision	www.microsoft.com	10	f
61	ghostline.pro	443	Hh5dVmWWFQDjvVEfgQgS77r4-NUUbqMdxL_Dhc55RHE	2025-05-14 14:56:43.613387	3b02d807-f174-40b1-a0d5-b94eab56178d	xtls-rprx-vision	www.microsoft.com	10	f
62	ghostline.pro	443	Hh5dVmWWFQDjvVEfgQgS77r4-NUUbqMdxL_Dhc55RHE	2025-05-14 15:49:35.630678	21b85826-ad69-447b-9c38-c91b0ae45ced	xtls-rprx-vision	www.microsoft.com	10	f
63	ghostline.pro	443	Hh5dVmWWFQDjvVEfgQgS77r4-NUUbqMdxL_Dhc55RHE	2025-05-14 15:58:26.319657	0eba2c24-698e-4a35-a979-e694ab7197f0	xtls-rprx-vision	www.microsoft.com	10	f
64	ghostline.pro	443	Hh5dVmWWFQDjvVEfgQgS77r4-NUUbqMdxL_Dhc55RHE	2025-05-14 16:17:33.293247	52efccf3-9881-4cb0-b78f-54f44e937c5c	xtls-rprx-vision	www.microsoft.com	10	f
65	ghostline.pro	443	Hh5dVmWWFQDjvVEfgQgS77r4-NUUbqMdxL_Dhc55RHE	2025-05-14 17:45:15.604399	39bc5023-0e46-461e-9702-c240bfa69290	xtls-rprx-vision	www.microsoft.com	10	f
66	ghostline.pro	443	Hh5dVmWWFQDjvVEfgQgS77r4-NUUbqMdxL_Dhc55RHE	2025-05-14 21:39:21.704251	166ab8d9-39d2-41a4-b9c1-f5e3a6a30555	xtls-rprx-vision	www.microsoft.com	10	f
67	ghostline.pro	443	Hh5dVmWWFQDjvVEfgQgS77r4-NUUbqMdxL_Dhc55RHE	2025-05-14 23:12:40.367451	418ce12e-340d-499c-bb2f-3906e8dcb612	xtls-rprx-vision	www.microsoft.com	10	f
68	ghostline.pro	443	Hh5dVmWWFQDjvVEfgQgS77r4-NUUbqMdxL_Dhc55RHE	2025-05-15 07:36:55.568664	370d45d2-fa24-4b13-b04d-c9c39b1e03a3	xtls-rprx-vision	www.microsoft.com	10	f
69	ghostline.pro	443	Hh5dVmWWFQDjvVEfgQgS77r4-NUUbqMdxL_Dhc55RHE	2025-05-15 10:46:06.013476	fd11cc1c-dd20-41ff-8545-97483251d8f4	xtls-rprx-vision	www.microsoft.com	10	f
70	ghostline.pro	443	Hh5dVmWWFQDjvVEfgQgS77r4-NUUbqMdxL_Dhc55RHE	2025-05-15 10:51:08.531012	1b88886f-de26-46c3-9911-7ab6fe9e1c7c	xtls-rprx-vision	www.microsoft.com	10	f
71	ghostline.pro	443	Hh5dVmWWFQDjvVEfgQgS77r4-NUUbqMdxL_Dhc55RHE	2025-05-17 13:54:26.518939	3d5a14a1-b765-4cba-a071-e4d805e79398	xtls-rprx-vision	www.microsoft.com	10	f
\.


--
-- Name: payments_id_seq; Type: SEQUENCE SET; Schema: public; Owner: ghostline_admin_prod
--

SELECT pg_catalog.setval('public.payments_id_seq', 54, true);


--
-- Name: subscriptions_id_seq; Type: SEQUENCE SET; Schema: public; Owner: ghostline_admin_prod
--

SELECT pg_catalog.setval('public.subscriptions_id_seq', 73, true);


--
-- Name: telegram_profiles_id_seq; Type: SEQUENCE SET; Schema: public; Owner: ghostline_admin_prod
--

SELECT pg_catalog.setval('public.telegram_profiles_id_seq', 216, true);


--
-- Name: vpn_accounts_id_seq; Type: SEQUENCE SET; Schema: public; Owner: ghostline_admin_prod
--

SELECT pg_catalog.setval('public.vpn_accounts_id_seq', 71, true);


--
-- Name: payments payments_pkey; Type: CONSTRAINT; Schema: public; Owner: ghostline_admin_prod
--

ALTER TABLE ONLY public.payments
    ADD CONSTRAINT payments_pkey PRIMARY KEY (id);


--
-- Name: subscriptions subscriptions_pkey; Type: CONSTRAINT; Schema: public; Owner: ghostline_admin_prod
--

ALTER TABLE ONLY public.subscriptions
    ADD CONSTRAINT subscriptions_pkey PRIMARY KEY (id);


--
-- Name: telegram_profiles telegram_profiles_pkey; Type: CONSTRAINT; Schema: public; Owner: ghostline_admin_prod
--

ALTER TABLE ONLY public.telegram_profiles
    ADD CONSTRAINT telegram_profiles_pkey PRIMARY KEY (id);


--
-- Name: users users_pkey; Type: CONSTRAINT; Schema: public; Owner: ghostline_admin_prod
--

ALTER TABLE ONLY public.users
    ADD CONSTRAINT users_pkey PRIMARY KEY (id);


--
-- Name: vpn_accounts vpn_accounts_pkey; Type: CONSTRAINT; Schema: public; Owner: ghostline_admin_prod
--

ALTER TABLE ONLY public.vpn_accounts
    ADD CONSTRAINT vpn_accounts_pkey PRIMARY KEY (id);


--
-- Name: PK_0b981e1186750b1deba6bb284f0; Type: INDEX; Schema: public; Owner: ghostline_admin_prod
--

CREATE UNIQUE INDEX "PK_0b981e1186750b1deba6bb284f0" ON public.telegram_profiles USING btree (id);


--
-- Name: PK_197ab7af18c93fbb0c9b28b4a59; Type: INDEX; Schema: public; Owner: ghostline_admin_prod
--

CREATE UNIQUE INDEX "PK_197ab7af18c93fbb0c9b28b4a59" ON public.payments USING btree (id);


--
-- Name: PK_a3ffb1c0c8416b9fc6f907b7433; Type: INDEX; Schema: public; Owner: ghostline_admin_prod
--

CREATE UNIQUE INDEX "PK_a3ffb1c0c8416b9fc6f907b7433" ON public.users USING btree (id);


--
-- Name: PK_a87248d73155605cf782be9ee5e; Type: INDEX; Schema: public; Owner: ghostline_admin_prod
--

CREATE UNIQUE INDEX "PK_a87248d73155605cf782be9ee5e" ON public.subscriptions USING btree (id);


--
-- Name: PK_b95d803bc392f2a7c87e17c9cde; Type: INDEX; Schema: public; Owner: ghostline_admin_prod
--

CREATE UNIQUE INDEX "PK_b95d803bc392f2a7c87e17c9cde" ON public.vpn_accounts USING btree (id);


--
-- Name: UQ_2007ba8491cf77a7d2261e41b26; Type: INDEX; Schema: public; Owner: ghostline_admin_prod
--

CREATE UNIQUE INDEX "UQ_2007ba8491cf77a7d2261e41b26" ON public.telegram_profiles USING btree (telegram_id);


--
-- Name: payments payments_user_id_fkey; Type: FK CONSTRAINT; Schema: public; Owner: ghostline_admin_prod
--

ALTER TABLE ONLY public.payments
    ADD CONSTRAINT payments_user_id_fkey FOREIGN KEY (user_id) REFERENCES public.users(id) ON DELETE CASCADE;


--
-- Name: subscriptions subscriptions_user_id_fkey; Type: FK CONSTRAINT; Schema: public; Owner: ghostline_admin_prod
--

ALTER TABLE ONLY public.subscriptions
    ADD CONSTRAINT subscriptions_user_id_fkey FOREIGN KEY (user_id) REFERENCES public.users(id) ON DELETE CASCADE;


--
-- Name: telegram_profiles telegram_profiles_user_id_fkey; Type: FK CONSTRAINT; Schema: public; Owner: ghostline_admin_prod
--

ALTER TABLE ONLY public.telegram_profiles
    ADD CONSTRAINT telegram_profiles_user_id_fkey FOREIGN KEY (user_id) REFERENCES public.users(id) ON DELETE CASCADE;


--
-- Name: vpn_accounts vpn_accounts_user_id_fkey; Type: FK CONSTRAINT; Schema: public; Owner: ghostline_admin_prod
--

ALTER TABLE ONLY public.vpn_accounts
    ADD CONSTRAINT vpn_accounts_user_id_fkey FOREIGN KEY (user_id) REFERENCES public.users(id) ON DELETE CASCADE;


--
-- Name: SCHEMA public; Type: ACL; Schema: -; Owner: pg_database_owner
--

REVOKE USAGE ON SCHEMA public FROM PUBLIC;
GRANT USAGE ON SCHEMA public TO ghostline_app_prod;
GRANT USAGE ON SCHEMA public TO homsi;


--
-- Name: SEQUENCE payments_id_seq; Type: ACL; Schema: public; Owner: ghostline_admin_prod
--

GRANT ALL ON SEQUENCE public.payments_id_seq TO ghostline_app_prod;


--
-- Name: TABLE payments; Type: ACL; Schema: public; Owner: ghostline_admin_prod
--

GRANT SELECT,INSERT,DELETE,UPDATE ON TABLE public.payments TO ghostline_app_prod;
GRANT SELECT,INSERT,UPDATE ON TABLE public.payments TO homsi;


--
-- Name: SEQUENCE subscriptions_id_seq; Type: ACL; Schema: public; Owner: ghostline_admin_prod
--

GRANT ALL ON SEQUENCE public.subscriptions_id_seq TO ghostline_app_prod;


--
-- Name: TABLE subscriptions; Type: ACL; Schema: public; Owner: ghostline_admin_prod
--

GRANT SELECT,INSERT,DELETE,UPDATE ON TABLE public.subscriptions TO ghostline_app_prod;
GRANT SELECT,INSERT,UPDATE ON TABLE public.subscriptions TO homsi;


--
-- Name: SEQUENCE telegram_profiles_id_seq; Type: ACL; Schema: public; Owner: ghostline_admin_prod
--

GRANT ALL ON SEQUENCE public.telegram_profiles_id_seq TO ghostline_app_prod;


--
-- Name: TABLE telegram_profiles; Type: ACL; Schema: public; Owner: ghostline_admin_prod
--

GRANT SELECT,INSERT,DELETE,UPDATE ON TABLE public.telegram_profiles TO ghostline_app_prod;
GRANT SELECT,INSERT,UPDATE ON TABLE public.telegram_profiles TO homsi;


--
-- Name: TABLE users; Type: ACL; Schema: public; Owner: ghostline_admin_prod
--

GRANT SELECT,INSERT,DELETE,UPDATE ON TABLE public.users TO ghostline_app_prod;
GRANT SELECT,INSERT,UPDATE ON TABLE public.users TO homsi;


--
-- Name: SEQUENCE vpn_accounts_id_seq; Type: ACL; Schema: public; Owner: ghostline_admin_prod
--

GRANT ALL ON SEQUENCE public.vpn_accounts_id_seq TO ghostline_app_prod;


--
-- Name: TABLE vpn_accounts; Type: ACL; Schema: public; Owner: ghostline_admin_prod
--

GRANT SELECT,INSERT,DELETE,UPDATE ON TABLE public.vpn_accounts TO ghostline_app_prod;
GRANT SELECT,INSERT,UPDATE ON TABLE public.vpn_accounts TO homsi;


--
-- Name: DEFAULT PRIVILEGES FOR SEQUENCES; Type: DEFAULT ACL; Schema: public; Owner: ghostline_admin_prod
--

ALTER DEFAULT PRIVILEGES FOR ROLE ghostline_admin_prod IN SCHEMA public GRANT ALL ON SEQUENCES TO ghostline_app_prod;


--
-- Name: DEFAULT PRIVILEGES FOR TABLES; Type: DEFAULT ACL; Schema: public; Owner: postgres
--

ALTER DEFAULT PRIVILEGES FOR ROLE postgres IN SCHEMA public GRANT SELECT,INSERT,DELETE,UPDATE ON TABLES TO ghostline_app_prod;
ALTER DEFAULT PRIVILEGES FOR ROLE postgres IN SCHEMA public GRANT SELECT,INSERT,UPDATE ON TABLES TO homsi;


--
-- Name: DEFAULT PRIVILEGES FOR TABLES; Type: DEFAULT ACL; Schema: public; Owner: ghostline_admin_prod
--

ALTER DEFAULT PRIVILEGES FOR ROLE ghostline_admin_prod IN SCHEMA public GRANT SELECT,INSERT,DELETE,UPDATE ON TABLES TO ghostline_app_prod;
ALTER DEFAULT PRIVILEGES FOR ROLE ghostline_admin_prod IN SCHEMA public GRANT SELECT,INSERT,UPDATE ON TABLES TO homsi;


--
-- PostgreSQL database dump complete
--

